1923,Agronomy,agronomy
1923,Soil Science,soil-science
1923,Agricultural Chemistry,agricultural-chemistry
1923,Agricultural Physics,agricultural-physics
1923,Soil Fertility & Fertilizer Management,soil-fertility-fertilizer-management
1923,Irrigation & Water Management,irrigation-water-management
1923,Dryland Farming,dryland-farming
1923,Crop Production,crop-production
1923,Seed Science & Technology,seed-science-technology
1923,Plant Breeding & Genetics,plant-breeding-genetics
1923,Plant Biotechnology,plant-biotechnology
1923,Plant Pathology,plant-pathology
1923,Agricultural Microbiology,agricultural-microbiology
1923,Entomology,entomology
1923,Agricultural Zoology,agricultural-zoology
1923,Weed Science,weed-science
1923,Crop Physiology,crop-physiology
1923,Horticulture,horticulture
1923,Fruit Science (Pomology),fruit-science-pomology
1923,Vegetable Science (Olericulture),vegetable-science-olericulture
1923,Floriculture,floriculture
1923,Plantation Crops,plantation-crops
1923,Spices & Medicinal Crops,spices-medicinal-crops
1923,Forestry,forestry
1923,Agroforestry,agroforestry
1923,Organic Farming,organic-farming
1923,Sustainable Agriculture,sustainable-agriculture
1923,Precision Agriculture,precision-agriculture
1923,Protected Cultivation,protected-cultivation
1923,Post-Harvest Technology,post-harvest-technology
1923,Agricultural Engineering,agricultural-engineering
1923,Farm Machinery & Power,farm-machinery-power
1923,Agricultural Economics,agricultural-economics
1923,Farm Management,farm-management
1923,Agricultural Marketing,agricultural-marketing
1923,Agricultural Extension Education,agricultural-extension-education
1923,Animal Husbandry,animal-husbandry
1923,Dairy Science,dairy-science
1923,Poultry Science,poultry-science
1923,Fisheries,fisheries
1923,Environmental Science,environmental-science
1923,Watershed Management,watershed-management
1923,Climate Smart Agriculture,climate-smart-agriculture
1923,Integrated Farming Systems,integrated-farming-systems
1923,Integrated Pest Management (IPM),integrated-pest-management-ipm
1923,Integrated Nutrient Management (INM),integrated-nutrient-management-inm
1923,General Knowledge,general-knowledge
1923,Current Affairs,current-affairs
1923,General Science,general-science
1923,Indian Agriculture,indian-agriculture
1923,Agriculture Schemes & Policies,agriculture-schemes-policies
1923,Computer Knowledge,computer-knowledge
1923,Quantitative Aptitude,quantitative-aptitude
1923,Reasoning Ability,reasoning-ability
1923,English Language,english-language
1923,Hindi Language,hindi-language
1922,Agronomy,agronomy
1922,Soil Science,soil-science
1922,Soil Fertility & Nutrient Management,soil-fertility-nutrient-management
1922,Soil Physics,soil-physics
1922,Soil Chemistry,soil-chemistry
1922,Soil Microbiology,soil-microbiology
1922,Agricultural Meteorology,agricultural-meteorology
1922,Crop Production,crop-production
1922,Seed Science & Technology,seed-science-technology
1922,Plant Breeding & Genetics,plant-breeding-genetics
1922,Plant Biotechnology,plant-biotechnology
1922,Plant Physiology,plant-physiology
1922,Plant Pathology,plant-pathology
1922,Entomology,entomology
1922,Weed Science,weed-science
1922,Horticulture,horticulture
1922,Fruit Science (Pomology),fruit-science-pomology
1922,Vegetable Science (Olericulture),vegetable-science-olericulture
1922,Floriculture,floriculture
1922,Plantation Crops,plantation-crops
1922,Spices & Medicinal Crops,spices-medicinal-crops
1922,Forestry,forestry
1922,Agroforestry,agroforestry
1922,Organic Farming,organic-farming
1922,Sustainable Agriculture,sustainable-agriculture
1922,Precision Agriculture,precision-agriculture
1922,Protected Cultivation,protected-cultivation
1922,Irrigation & Water Management,irrigation-water-management
1922,Dryland Agriculture,dryland-agriculture
1922,Watershed Management,watershed-management
1922,Agricultural Engineering,agricultural-engineering
1922,Farm Machinery & Power,farm-machinery-power
1922,Post-Harvest Technology,post-harvest-technology
1922,Agricultural Processing,agricultural-processing
1922,Agricultural Economics,agricultural-economics
1922,Farm Management,farm-management
1922,Agricultural Marketing,agricultural-marketing
1922,Agricultural Extension Education,agricultural-extension-education
1922,Animal Husbandry,animal-husbandry
1922,Dairy Science,dairy-science
1922,Poultry Science,poultry-science
1922,Fisheries Science,fisheries-science
1922,Environmental Science,environmental-science
1922,Climate Smart Agriculture,climate-smart-agriculture
1922,Integrated Farming Systems,integrated-farming-systems
1922,Integrated Pest Management (IPM),integrated-pest-management-ipm
1922,Integrated Nutrient Management (INM),integrated-nutrient-management-inm
1922,General Knowledge,general-knowledge
1922,Current Affairs,current-affairs
1922,General Science,general-science
1922,Indian Agriculture,indian-agriculture
1922,Agriculture Schemes & Government Policies,agriculture-schemes-government-policies
1922,Computer Knowledge,computer-knowledge
1922,Quantitative Aptitude,quantitative-aptitude
1922,Reasoning Ability,reasoning-ability
1922,English Language,english-language
1922,Hindi Language,hindi-language
1924,Statistics of Indian Agriculture (Cereals & Pulses),statistics-of-indian-agriculture-cereals-pulses
1924,Agricultural Economics,agricultural-economics
1924,Cell Biology,cell-biology
1924,Plant Tissues,plant-tissues
1924,Plant Organs & Organ Systems,plant-organs-organ-systems
1924,Genetics,genetics
1924,Plant Classification,plant-classification
1924,Plant Diversity,plant-diversity
1924,Plant Ecology,plant-ecology
1924,Photosynthesis,photosynthesis
1924,Respiration,respiration
1924,Plant Growth & Movement,plant-growth-movement
1924,Basics of Biochemistry,basics-of-biochemistry
1924,Animal Cell,animal-cell
1924,Animal Tissues,animal-tissues
1924,Organ Systems,organ-systems
1924,Heredity & Variation,heredity-variation
1924,Animal Classification,animal-classification
1924,Microorganisms,microorganisms
1924,Insects,insects
1924,Rodents,rodents
1924,Elementary Entomology,elementary-entomology
1924,Plant Protection,plant-protection
1924,Chemical Bonding,chemical-bonding
1924,Organic Chemistry,organic-chemistry
1924,Alkanes,alkanes
1924,Alkenes,alkenes
1924,Alkynes,alkynes
1924,Alcohols,alcohols
1924,Aldehydes,aldehydes
1924,Carboxylic Acids,carboxylic-acids
1924,Inorganic Chemistry,inorganic-chemistry
1924,Chemistry in Everyday Life,chemistry-in-everyday-life
1924,Measurements,measurements
1924,Basic Physics,basic-physics
1924,Light,light
1924,Electricity,electricity
1924,English Language,english-language
1924,Reasoning Ability,reasoning-ability
1924,Numerical Aptitude,numerical-aptitude
1924,General Studies / General Awareness,general-studies-general-awareness
1924,Current Affairs,current-affairs
1943,Civil Engineering,civil-engineering
1943,Electrical Engineering,electrical-engineering
1943,Electronics & Communication Engineering (ECE),electronics-communication-engineering-ece
1943,Computer Science Engineering (CSE),computer-science-engineering-cse
1943,Information Technology (IT),information-technology-it
1943,Mechanical Engineering (for specific recruitments),mechanical-engineering-for-specific-recruitments
1943,Fire Engineering (Fire Services),fire-engineering-fire-services
1943,Architecture,architecture
1943,Engineering Mathematics,engineering-mathematics
1943,Strength of Materials,strength-of-materials
1943,Structural Analysis,structural-analysis
1943,RCC Design,rcc-design
1943,Steel Structures,steel-structures
1943,Geotechnical Engineering,geotechnical-engineering
1943,Fluid Mechanics,fluid-mechanics
1943,Hydraulics,hydraulics
1943,Environmental Engineering,environmental-engineering
1943,Transportation Engineering,transportation-engineering
1943,Surveying,surveying
1943,Building Materials,building-materials
1943,Estimation & Costing,estimation-costing
1943,Construction Management,construction-management
1943,Irrigation Engineering,irrigation-engineering
1943,Circuit Theory,circuit-theory
1943,Electrical Machines,electrical-machines
1943,Power Systems,power-systems
1943,Power Electronics,power-electronics
1943,Control Systems,control-systems
1943,Signals & Systems,signals-systems
1943,Network Theory,network-theory
1943,Measurements & Instrumentation,measurements-instrumentation
1943,Electrical Drives,electrical-drives
1943,High Voltage Engineering,high-voltage-engineering
1943,Switchgear & Protection,switchgear-protection
1943,Analog Electronics,analog-electronics
1943,Digital Electronics,digital-electronics
1943,Electronic Devices,electronic-devices
1943,Analog Circuits,analog-circuits
1943,Communication Systems,communication-systems
1943,Electromagnetic Theory,electromagnetic-theory
1943,Microwave Engineering,microwave-engineering
1943,Antennas & Wave Propagation,antennas-wave-propagation
1943,Digital Signal Processing (DSP),digital-signal-processing-dsp
1943,Microprocessors & Microcontrollers,microprocessors-microcontrollers
1943,VLSI Design,vlsi-design
1943,Programming & Data Structures,programming-data-structures
1943,Algorithms,algorithms
1943,Operating Systems,operating-systems
1943,Database Management Systems (DBMS),database-management-systems-dbms
1943,Computer Networks,computer-networks
1943,Software Engineering,software-engineering
1943,Compiler Design,compiler-design
1943,Theory of Computation,theory-of-computation
1943,Computer Organization & Architecture,computer-organization-architecture
1943,Digital Logic,digital-logic
1943,Web Technologies,web-technologies
1943,Cyber Security,cyber-security
1943,Cloud Computing,cloud-computing
1943,Engineering Mechanics,engineering-mechanics
1943,Theory of Machines,theory-of-machines
1943,Machine Design,machine-design
1943,Manufacturing Processes,manufacturing-processes
1943,Thermodynamics,thermodynamics
1943,Heat Transfer,heat-transfer
1943,Refrigeration & Air Conditioning,refrigeration-air-conditioning
1943,IC Engines,ic-engines
1943,Industrial Engineering,industrial-engineering
1943,Production Engineering,production-engineering
1943,Engineering Materials,engineering-materials
1943,Fire Prevention & Protection,fire-prevention-protection
1943,Fire Dynamics,fire-dynamics
1943,Fire Safety Engineering,fire-safety-engineering
1943,Fire Detection & Alarm Systems,fire-detection-alarm-systems
1943,Industrial Safety,industrial-safety
1943,Fire Fighting Equipment,fire-fighting-equipment
1943,Fire Risk Assessment,fire-risk-assessment
1943,Disaster Management,disaster-management
1943,Building Fire Safety,building-fire-safety
1943,Emergency Response Management,emergency-response-management
1943,Architectural Design,architectural-design
1943,Building Construction,building-construction
1943,Town Planning,town-planning
1943,Environmental Planning,environmental-planning
1943,Building Services,building-services
1943,Landscape Architecture,landscape-architecture
1943,History of Architecture,history-of-architecture
1943,Structural Systems,structural-systems
1943,Estimation & Professional Practice,estimation-professional-practice
1943,General Knowledge,general-knowledge
1943,General Intelligence & Reasoning,general-intelligence-reasoning
1943,Quantitative Aptitude,quantitative-aptitude
1943,English Language,english-language
1943,General Aptitude,general-aptitude
1932,Mechanical Engineering (ME),mechanical-engineering-me
1932,Chemical Engineering (CH),chemical-engineering-ch
1932,Metallurgical Engineering (MT),metallurgical-engineering-mt
1932,Electrical Engineering (EE),electrical-engineering-ee
1932,Electronics Engineering / Electronics & Communication Engineering (EC),electronics-engineering-electronics-communication-engineering-ec
1932,Computer Science Engineering (CS),computer-science-engineering-cs
1932,Instrumentation Engineering (IN),instrumentation-engineering-in
1932,Civil Engineering (CE),civil-engineering-ce
1932,Engineering Mechanics,engineering-mechanics
1932,Strength of Materials,strength-of-materials
1932,Theory of Machines,theory-of-machines
1932,Machine Design,machine-design
1932,Manufacturing Processes,manufacturing-processes
1932,Production Engineering,production-engineering
1932,Industrial Engineering,industrial-engineering
1932,Fluid Mechanics,fluid-mechanics
1932,Thermodynamics,thermodynamics
1932,Heat Transfer,heat-transfer
1932,Refrigeration and Air Conditioning,refrigeration-and-air-conditioning
1932,Internal Combustion (IC) Engines,internal-combustion-ic-engines
1932,Power Plant Engineering,power-plant-engineering
1932,Engineering Materials,engineering-materials
1932,Metrology and Inspection,metrology-and-inspection
1932,Engineering Mathematics,engineering-mathematics
1932,Process Calculations,process-calculations
1932,Mass Transfer,mass-transfer
1932,Chemical Reaction Engineering,chemical-reaction-engineering
1932,Process Control,process-control
1932,Mechanical Operations,mechanical-operations
1932,Chemical Technology,chemical-technology
1932,Plant Design,plant-design
1932,Chemical Process Principles,chemical-process-principles
1932,Physical Metallurgy,physical-metallurgy
1932,Mechanical Metallurgy,mechanical-metallurgy
1932,Extractive Metallurgy,extractive-metallurgy
1932,Materials Science,materials-science
1932,Iron & Steel Making,iron-steel-making
1932,Heat Treatment,heat-treatment
1932,Welding Technology,welding-technology
1932,Corrosion Engineering,corrosion-engineering
1932,Powder Metallurgy,powder-metallurgy
1932,Failure Analysis,failure-analysis
1932,Circuit Theory,circuit-theory
1932,Electrical Machines,electrical-machines
1932,Power Systems,power-systems
1932,Power Electronics,power-electronics
1932,Control Systems,control-systems
1932,Signals & Systems,signals-systems
1932,Network Theory,network-theory
1932,Measurements,measurements
1932,Electrical Drives,electrical-drives
1932,High Voltage Engineering,high-voltage-engineering
1932,Switchgear & Protection,switchgear-protection
1932,Analog Electronics,analog-electronics
1932,Digital Electronics,digital-electronics
1932,Electronic Devices,electronic-devices
1932,Analog Circuits,analog-circuits
1932,Communication Systems,communication-systems
1932,Electromagnetic Theory,electromagnetic-theory
1932,Microwave Engineering,microwave-engineering
1932,Antennas,antennas
1932,Digital Signal Processing (DSP),digital-signal-processing-dsp
1932,Microprocessors,microprocessors
1932,Microcontrollers,microcontrollers
1932,VLSI Design,vlsi-design
1932,Programming,programming
1932,Data Structures,data-structures
1932,Algorithms,algorithms
1932,Operating Systems,operating-systems
1932,Database Management Systems (DBMS),database-management-systems-dbms
1932,Computer Networks,computer-networks
1932,Software Engineering,software-engineering
1932,Compiler Design,compiler-design
1932,Theory of Computation,theory-of-computation
1932,Computer Organization,computer-organization
1932,Digital Logic,digital-logic
1932,Web Technologies,web-technologies
1932,Cyber Security,cyber-security
1932,Sensors & Transducers,sensors-transducers
1932,Structural Analysis,structural-analysis
1932,RCC Design,rcc-design
1932,Steel Structures,steel-structures
1932,Geotechnical Engineering,geotechnical-engineering
1932,Hydraulics,hydraulics
1932,Environmental Engineering,environmental-engineering
1932,Transportation Engineering,transportation-engineering
1932,Surveying,surveying
1932,Building Materials,building-materials
1932,Construction Management,construction-management
1932,Estimation & Costing,estimation-costing
1932,Irrigation Engineering,irrigation-engineering
1934,Electronics Engineering,electronics-engineering
1934,Electronics & Communication Engineering (ECE),electronics-communication-engineering-ece
1934,Electronics & Telecommunication Engineering,electronics-telecommunication-engineering
1934,Communication Engineering,communication-engineering
1934,Telecommunication Engineering,telecommunication-engineering
1934,Electrical Engineering,electrical-engineering
1934,Electrical & Electronics Engineering (EEE),electrical-electronics-engineering-eee
1934,Mechanical Engineering,mechanical-engineering
1934,Computer Science Engineering (CSE),computer-science-engineering-cse
1934,Information Technology (IT) (for some BEL notifications),information-technology-it-for-some-bel-notifications
1934,Civil Engineering (for specific Deputy Engineer/Project Engineer recruitments),civil-engineering-for-specific-deputy-engineer-project-engineer-recruitments
1934,Architecture (only in specific BEL recruitment notifications),architecture-only-in-specific-bel-recruitment-notifications
1934,Horticulture (only for certain non-core engineering technical recruitments),horticulture-only-for-certain-non-core-engineering-technical-recruitments
1934,Engineering Mathematics,engineering-mathematics
1934,Technical Subjects of the Candidate's Engineering Discipline,technical-subjects-of-the-candidates-engineering-discipline
1934,General Aptitude,general-aptitude
1934,Reasoning Ability,reasoning-ability
1934,English Language,english-language
1934,Basic Computer Knowledge (for some posts),basic-computer-knowledge-for-some-posts
1935,Mechanical Engineering,mechanical-engineering
1935,Electrical Engineering,electrical-engineering
1935,Electronics Engineering,electronics-engineering
1935,Electronics & Communication Engineering (ECE),electronics-communication-engineering-ece
1935,Civil Engineering,civil-engineering
1935,Chemical Engineering,chemical-engineering
1935,Metallurgical Engineering (Metallurgy),metallurgical-engineering-metallurgy
1935,Information Technology (IT) (in some recruitment notifications),information-technology-it-in-some-recruitment-notifications
1935,Computer Science Engineering (CSE) (treated as equivalent to IT in some recruitments),computer-science-engineering-cse-treated-as-equivalent-to-it-in-some-recruitments
1935,Industrial Engineering,industrial-engineering
1935,Industrial & Production Engineering,industrial-production-engineering
1935,Production Engineering,production-engineering
1935,Production & Industrial Engineering,production-industrial-engineering
1935,Production Technology,production-technology
1935,Mechanical Production Engineering,mechanical-production-engineering
1935,Manufacturing Engineering,manufacturing-engineering
1935,Manufacturing Technology,manufacturing-technology
1935,Manufacturing Process & Automation,manufacturing-process-automation
1935,Mechatronics Engineering,mechatronics-engineering
1935,Thermal Engineering,thermal-engineering
1935,Power Engineering,power-engineering
1935,Power Plant Engineering,power-plant-engineering
1935,Electrical & Electronics Engineering (EEE),electrical-electronics-engineering-eee
1935,Power Systems Engineering,power-systems-engineering
1935,Power Electronics Engineering,power-electronics-engineering
1935,High Voltage Engineering,high-voltage-engineering
1935,Electrical Instrumentation & Control Engineering,electrical-instrumentation-control-engineering
1935,Metallurgical & Materials Engineering,metallurgical-materials-engineering
1935,Materials Engineering,materials-engineering
1935,Extractive Metallurgy,extractive-metallurgy
1935,Process Metallurgy,process-metallurgy
1935,Foundry Technology,foundry-technology
1935,Technical Subject (Candidate's Engineering Discipline),technical-subject-candidates-engineering-discipline
1935,Reasoning Ability,reasoning-ability
1935,General Knowledge,general-knowledge
1935,General English,general-english
1930,Aeronautical Engineering,aeronautical-engineering
1930,Aerospace Engineering,aerospace-engineering
1930,Automobile Engineering,automobile-engineering
1930,Biomedical Engineering,biomedical-engineering
1930,Biotechnology,biotechnology
1930,Ceramic Engineering,ceramic-engineering
1930,Chemical Engineering,chemical-engineering
1930,Civil Engineering,civil-engineering
1930,Computer Engineering,computer-engineering
1930,Computer Science & Engineering (CSE),computer-science-engineering-cse
1930,Electrical Engineering,electrical-engineering
1930,Electrical & Electronics Engineering (EEE),electrical-electronics-engineering-eee
1930,Electronics Engineering,electronics-engineering
1930,Electronics & Communication Engineering (ECE),electronics-communication-engineering-ece
1930,Electronics & Instrumentation Engineering,electronics-instrumentation-engineering
1930,Electronics & Telecommunication Engineering,electronics-telecommunication-engineering
1930,Environmental Engineering,environmental-engineering
1930,Food Technology,food-technology
1930,Industrial Engineering,industrial-engineering
1930,Information Technology (IT),information-technology-it
1930,Marine Engineering,marine-engineering
1930,Materials Science & Engineering,materials-science-engineering
1930,Mechanical Engineering,mechanical-engineering
1930,Mechatronics Engineering,mechatronics-engineering
1930,Metallurgical Engineering,metallurgical-engineering
1930,Mining Engineering,mining-engineering
1930,Naval Architecture,naval-architecture
1930,Petroleum Engineering,petroleum-engineering
1930,Plastic Engineering,plastic-engineering
1930,Polymer Engineering,polymer-engineering
1930,Production Engineering,production-engineering
1930,Robotics Engineering,robotics-engineering
1930,Rubber Technology,rubber-technology
1930,Textile Engineering,textile-engineering
1930,Botany,botany
1930,Chemistry,chemistry
1930,Computer Science,computer-science
1930,Geology,geology
1930,Mathematics,mathematics
1930,Microbiology,microbiology
1930,Physics,physics
1930,Zoology,zoology
1938,Chemical Engineering,chemical-engineering
1938,Petrochemical Engineering,petrochemical-engineering
1938,Chemical Technology,chemical-technology
1938,Petrochemical Technology,petrochemical-technology
1938,Chemical Technology & Polymer Science,chemical-technology-polymer-science
1938,Chemical Technology & Plastic Technology,chemical-technology-plastic-technology
1938,Mechanical Engineering,mechanical-engineering
1938,Production Engineering,production-engineering
1938,Production & Industrial Engineering,production-industrial-engineering
1938,Manufacturing Engineering,manufacturing-engineering
1938,Mechanical & Automobile Engineering,mechanical-automobile-engineering
1938,Electrical Engineering,electrical-engineering
1938,"Electrical, Electronics & Power Engineering",electrical-electronics-power-engineering
1938,Electrical & Electronics Engineering,electrical-electronics-engineering
1938,Electrical & Power Engineering,electrical-power-engineering
1938,Instrumentation Engineering,instrumentation-engineering
1938,Electronics & Instrumentation Engineering,electronics-instrumentation-engineering
1938,Electronics Engineering,electronics-engineering
1938,Computer Science Engineering,computer-science-engineering
1938,Information Technology,information-technology
1938,MCA (Master of Computer Applications),mca-master-of-computer-applications
1936,Aeronautical Engineering,aeronautical-engineering
1936,Aerospace Engineering,aerospace-engineering
1936,Mechanical Engineering,mechanical-engineering
1936,Electrical Engineering,electrical-engineering
1936,Electronics Engineering,electronics-engineering
1936,Electronics & Communication Engineering (ECE),electronics-communication-engineering-ece
1936,Electrical & Electronics Engineering (EEE),electrical-electronics-engineering-eee
1936,Computer Science Engineering (CSE),computer-science-engineering-cse
1936,Information Technology (IT),information-technology-it
1936,Information Science Engineering,information-science-engineering
1936,Computer Engineering,computer-engineering
1936,Software Engineering,software-engineering
1936,Instrumentation & Control Engineering,instrumentation-control-engineering
1936,Applied Electronics & Instrumentation,applied-electronics-instrumentation
1936,Instrumentation Engineering,instrumentation-engineering
1936,Metallurgical Engineering,metallurgical-engineering
1936,Materials Engineering,materials-engineering
1936,Metallurgy & Materials Engineering,metallurgy-materials-engineering
1936,Material Science Engineering,material-science-engineering
1936,Production Engineering,production-engineering
1936,Industrial Engineering,industrial-engineering
1936,Manufacturing Engineering,manufacturing-engineering
1936,Mechanical & Industrial Engineering,mechanical-industrial-engineering
1936,Mechanical & Production Engineering,mechanical-production-engineering
1936,Industrial & Production Engineering,industrial-production-engineering
1936,Manufacturing Science & Engineering,manufacturing-science-engineering
1936,Production & Industrial Engineering,production-industrial-engineering
1936,Computer Systems Engineering,computer-systems-engineering
1936,Information Systems Engineering,information-systems-engineering
1936,Computer Technology Engineering,computer-technology-engineering
1936,Electrical & Instrumentation Engineering,electrical-instrumentation-engineering
1936,General Awareness,general-awareness
1936,English Language,english-language
1936,Reasoning Ability,reasoning-ability
1936,Technical/Engineering,technical-engineering
1931,Network Theory,network-theory
1931,Electronic Devices,electronic-devices
1931,Analog Circuits,analog-circuits
1931,Digital Circuits,digital-circuits
1931,Signals and Systems,signals-and-systems
1931,Control Systems,control-systems
1931,Communications,communications
1931,Electromagnetics,electromagnetics
1931,Analog Communication,analog-communication
1931,Digital Communication,digital-communication
1931,Microprocessors,microprocessors
1931,Microcontrollers,microcontrollers
1931,Embedded Systems,embedded-systems
1931,VLSI Design,vlsi-design
1931,Digital Signal Processing (DSP),digital-signal-processing-dsp
1931,Computer Organization,computer-organization
1931,Engineering Mathematics,engineering-mathematics
1931,Engineering Mechanics,engineering-mechanics
1931,Strength of Materials,strength-of-materials
1931,Theory of Machines,theory-of-machines
1931,Machine Design,machine-design
1931,Fluid Mechanics,fluid-mechanics
1931,Fluid Machinery,fluid-machinery
1931,Thermodynamics,thermodynamics
1931,Heat Transfer,heat-transfer
1931,Refrigeration & Air Conditioning,refrigeration-air-conditioning
1931,IC Engines,ic-engines
1931,Power Plant Engineering,power-plant-engineering
1931,Manufacturing Engineering,manufacturing-engineering
1931,Production Engineering,production-engineering
1931,Industrial Engineering,industrial-engineering
1931,Material Science,material-science
1931,Programming & Data Structures,programming-data-structures
1931,Algorithms,algorithms
1931,Computer Organization & Architecture,computer-organization-architecture
1931,Operating Systems,operating-systems
1931,Database Management Systems (DBMS),database-management-systems-dbms
1931,Computer Networks,computer-networks
1931,Theory of Computation,theory-of-computation
1931,Compiler Design,compiler-design
1931,Digital Logic,digital-logic
1931,Software Engineering,software-engineering
1931,Object-Oriented Programming (OOP),object-oriented-programming-oop
1931,Web Technologies,web-technologies
1931,Artificial Intelligence (Basics),artificial-intelligence-basics
1931,Discrete Mathematics,discrete-mathematics
1931,Electrical Circuits,electrical-circuits
1931,Electromagnetic Fields,electromagnetic-fields
1931,Electrical Machines,electrical-machines
1931,Power Systems,power-systems
1931,Power Electronics,power-electronics
1931,Analog Electronics,analog-electronics
1931,Digital Electronics,digital-electronics
1931,Measurements & Instrumentation,measurements-instrumentation
1931,Network Analysis,network-analysis
1931,Structural Analysis,structural-analysis
1931,Reinforced Cement Concrete (RCC),reinforced-cement-concrete-rcc
1931,Steel Structures,steel-structures
1931,Geotechnical Engineering,geotechnical-engineering
1931,Surveying,surveying
1931,Building Materials,building-materials
1931,Construction Planning & Management,construction-planning-management
1931,Environmental Engineering,environmental-engineering
1931,Water Resources Engineering,water-resources-engineering
1931,Transportation Engineering,transportation-engineering
1931,Refrigeration Cycles,refrigeration-cycles
1931,Air Conditioning,air-conditioning
1931,HVAC Systems,hvac-systems
1931,Psychrometry,psychrometry
1931,Compressors,compressors
1931,Refrigerants,refrigerants
1931,Architectural Design,architectural-design
1931,Building Construction,building-construction
1931,History of Architecture,history-of-architecture
1931,Theory of Architecture,theory-of-architecture
1931,Environmental Planning,environmental-planning
1931,Urban Planning,urban-planning
1931,Landscape Architecture,landscape-architecture
1931,Building Services,building-services
1931,Estimation & Costing,estimation-costing
1931,Structural Systems,structural-systems
1941,Engineering Mathematics,engineering-mathematics
1941,Engineering Mechanics,engineering-mechanics
1941,Strength of Materials,strength-of-materials
1941,Structural Analysis,structural-analysis
1941,Reinforced Cement Concrete (RCC),reinforced-cement-concrete-rcc
1941,Steel Structures,steel-structures
1941,Building Materials,building-materials
1941,Surveying,surveying
1941,Soil Mechanics,soil-mechanics
1941,Foundation Engineering,foundation-engineering
1941,Fluid Mechanics,fluid-mechanics
1941,Hydrology,hydrology
1941,Irrigation Engineering,irrigation-engineering
1941,Water Resources Engineering,water-resources-engineering
1941,Environmental Engineering,environmental-engineering
1941,Transportation Engineering,transportation-engineering
1941,Construction Planning & Management,construction-planning-management
1941,Estimation & Costing,estimation-costing
1941,Electrical Circuits,electrical-circuits
1941,Network Theory,network-theory
1941,Electrical Machines,electrical-machines
1941,Power Systems,power-systems
1941,Power Electronics,power-electronics
1941,Control Systems,control-systems
1941,Analog Electronics,analog-electronics
1941,Digital Electronics,digital-electronics
1941,Measurements & Instrumentation,measurements-instrumentation
1941,Electromagnetic Fields,electromagnetic-fields
1941,High Voltage Engineering,high-voltage-engineering
1941,Electrical Utilization,electrical-utilization
1941,Theory of Machines,theory-of-machines
1941,Machine Design,machine-design
1941,Manufacturing Engineering,manufacturing-engineering
1941,Production Engineering,production-engineering
1941,Thermodynamics,thermodynamics
1941,Heat Transfer,heat-transfer
1941,Fluid Machinery,fluid-machinery
1941,Refrigeration & Air Conditioning,refrigeration-air-conditioning
1941,Power Plant Engineering,power-plant-engineering
1941,Industrial Engineering,industrial-engineering
1941,Materials Science,materials-science
1941,Engineering Drawing,engineering-drawing
1941,Hydroelectric Power Plants,hydroelectric-power-plants
1941,Hydraulic Turbines,hydraulic-turbines
1941,Pumps & Pumping Systems,pumps-pumping-systems
1941,Dams & Reservoir Engineering,dams-reservoir-engineering
1941,Hydrology & Watershed Management,hydrology-watershed-management
1941,Renewable Energy Systems,renewable-energy-systems
1941,Energy Conservation,energy-conservation
1941,Power Generation,power-generation
1941,Transmission & Distribution Basics,transmission-distribution-basics
1941,Engineering Ethics,engineering-ethics
1941,Safety Engineering,safety-engineering
1941,Quality Control & Quality Assurance,quality-control-quality-assurance
1941,Project Management,project-management
1941,Civil Engineering,civil-engineering
1941,Electrical Engineering,electrical-engineering
1941,Mechanical Engineering,mechanical-engineering
1933,Engineering Mathematics,engineering-mathematics
1933,Strength of Materials,strength-of-materials
1933,Structural Analysis,structural-analysis
1933,Reinforced Cement Concrete (RCC),reinforced-cement-concrete-rcc
1933,Steel Structures,steel-structures
1933,Building Materials,building-materials
1933,Surveying,surveying
1933,Soil Mechanics,soil-mechanics
1933,Foundation Engineering,foundation-engineering
1933,Fluid Mechanics,fluid-mechanics
1933,Hydrology,hydrology
1933,Irrigation Engineering,irrigation-engineering
1933,Environmental Engineering,environmental-engineering
1933,Transportation Engineering,transportation-engineering
1933,Construction Planning & Management,construction-planning-management
1933,Estimation & Costing,estimation-costing
1933,Engineering Mechanics,engineering-mechanics
1933,Theory of Machines,theory-of-machines
1933,Machine Design,machine-design
1933,Manufacturing Engineering,manufacturing-engineering
1933,Production Engineering,production-engineering
1933,Thermodynamics,thermodynamics
1933,Heat Transfer,heat-transfer
1933,Fluid Machinery,fluid-machinery
1933,Refrigeration & Air Conditioning,refrigeration-air-conditioning
1933,Power Plant Engineering,power-plant-engineering
1933,Industrial Engineering,industrial-engineering
1933,Materials Science,materials-science
1933,Engineering Drawing,engineering-drawing
1933,Network Theory,network-theory
1933,Electrical Circuits,electrical-circuits
1933,Electrical Machines,electrical-machines
1933,Power Systems,power-systems
1933,Power Electronics,power-electronics
1933,Control Systems,control-systems
1933,Analog Electronics,analog-electronics
1933,Digital Electronics,digital-electronics
1933,Measurements & Instrumentation,measurements-instrumentation
1933,Electromagnetic Fields,electromagnetic-fields
1933,High Voltage Engineering,high-voltage-engineering
1933,Electrical Utilization,electrical-utilization
1933,Electronic Devices,electronic-devices
1933,Signals & Systems,signals-systems
1933,Communication Systems,communication-systems
1933,Electromagnetic Theory,electromagnetic-theory
1933,Microprocessors & Microcontrollers,microprocessors-microcontrollers
1933,VLSI Design,vlsi-design
1933,Embedded Systems,embedded-systems
1933,Sensors & Transducers,sensors-transducers
1933,Industrial Instrumentation,industrial-instrumentation
1933,Process Control,process-control
1933,Programming & Data Structures,programming-data-structures
1933,Algorithms,algorithms
1933,Computer Organization,computer-organization
1933,Operating Systems,operating-systems
1933,Database Management Systems (DBMS),database-management-systems-dbms
1933,Computer Networks,computer-networks
1933,Theory of Computation,theory-of-computation
1933,Compiler Design,compiler-design
1933,Software Engineering,software-engineering
1933,Web Technologies,web-technologies
1933,Cyber Security,cyber-security
1940,Engineering Mathematics,engineering-mathematics
1940,Network Theory,network-theory
1940,Electrical Circuits,electrical-circuits
1940,Electrical Machines,electrical-machines
1940,Power Systems,power-systems
1940,Control Systems,control-systems
1940,Power Electronics,power-electronics
1940,Analog Electronics,analog-electronics
1940,Digital Electronics,digital-electronics
1940,Electromagnetic Fields,electromagnetic-fields
1940,Electrical Measurements & Instrumentation,electrical-measurements-instrumentation
1940,Signals & Systems,signals-systems
1940,High Voltage Engineering,high-voltage-engineering
1940,Electrical Materials,electrical-materials
1940,Electrical Utilization,electrical-utilization
1940,Engineering Mechanics,engineering-mechanics
1940,Strength of Materials,strength-of-materials
1940,Theory of Machines,theory-of-machines
1940,Machine Design,machine-design
1940,Manufacturing Engineering,manufacturing-engineering
1940,Production Engineering,production-engineering
1940,Thermodynamics,thermodynamics
1940,Heat Transfer,heat-transfer
1940,Fluid Mechanics,fluid-mechanics
1940,Fluid Machinery,fluid-machinery
1940,Refrigeration & Air Conditioning,refrigeration-air-conditioning
1940,Power Plant Engineering,power-plant-engineering
1940,Industrial Engineering,industrial-engineering
1940,Materials Science,materials-science
1940,Engineering Drawing,engineering-drawing
1940,Structural Analysis,structural-analysis
1940,Reinforced Cement Concrete (RCC),reinforced-cement-concrete-rcc
1940,Steel Structures,steel-structures
1940,Building Materials,building-materials
1940,Surveying,surveying
1940,Soil Mechanics,soil-mechanics
1940,Foundation Engineering,foundation-engineering
1940,Hydrology,hydrology
1940,Irrigation Engineering,irrigation-engineering
1940,Water Resources Engineering,water-resources-engineering
1940,Environmental Engineering,environmental-engineering
1940,Transportation Engineering,transportation-engineering
1940,Construction Planning & Management,construction-planning-management
1940,Estimation & Costing,estimation-costing
1940,Electronic Devices,electronic-devices
1940,Communication Systems,communication-systems
1940,Electromagnetic Theory,electromagnetic-theory
1940,Microprocessors & Microcontrollers,microprocessors-microcontrollers
1940,Digital Signal Processing (DSP),digital-signal-processing-dsp
1940,VLSI,vlsi
1940,Sensors & Transducers,sensors-transducers
1940,Process Control,process-control
1940,Industrial Instrumentation,industrial-instrumentation
1940,Microprocessors,microprocessors
1940,Programming & Data Structures,programming-data-structures
1940,Algorithms,algorithms
1940,Computer Organization & Architecture,computer-organization-architecture
1940,Operating Systems,operating-systems
1940,Database Management Systems (DBMS),database-management-systems-dbms
1940,Computer Networks,computer-networks
1940,Software Engineering,software-engineering
1940,Theory of Computation,theory-of-computation
1940,Compiler Design,compiler-design
1940,Digital Logic,digital-logic
1940,Web Technologies,web-technologies
1940,Cyber Security,cyber-security
1939,Engineering Mathematics,engineering-mathematics
1939,Mechanical Engineering,mechanical-engineering
1939,Electrical Engineering,electrical-engineering
1939,Civil Engineering,civil-engineering
1939,Electronics Engineering,electronics-engineering
1939,Instrumentation Engineering,instrumentation-engineering
1939,Computer Science Engineering,computer-science-engineering
1939,Information Technology,information-technology
1939,Chemical Engineering,chemical-engineering
1939,Petroleum Engineering,petroleum-engineering
1939,Production Engineering,production-engineering
1939,Industrial Engineering,industrial-engineering
1939,Electronics & Communication Engineering,electronics-communication-engineering
1939,Geology,geology
1939,Geophysics,geophysics
1939,Physics,physics
1939,Chemistry,chemistry
1939,Environmental Engineering,environmental-engineering
1939,Materials Engineering / Metallurgical Engineering,materials-engineering-metallurgical-engineering
1942,Electrical Engineering,electrical-engineering
1942,Electrical (Power),electrical-power
1942,Electrical & Electronics Engineering,electrical-electronics-engineering
1942,Power Systems Engineering,power-systems-engineering
1942,Power Engineering (Electrical),power-engineering-electrical
1942,Electronics Engineering,electronics-engineering
1942,Electronics & Communication Engineering (ECE),electronics-communication-engineering-ece
1942,Electronics & Telecommunication Engineering,electronics-telecommunication-engineering
1942,Electronics & Electrical Communication Engineering,electronics-electrical-communication-engineering
1942,Telecommunication Engineering,telecommunication-engineering
1942,Civil Engineering,civil-engineering
1942,Computer Science Engineering,computer-science-engineering
1942,Computer Engineering,computer-engineering
1942,Information Technology (IT),information-technology-it
1937,Chemical Engineering,chemical-engineering
1937,Civil Engineering,civil-engineering
1937,Computer Science Engineering,computer-science-engineering
1937,Information Technology,information-technology
1937,Electrical Engineering,electrical-engineering
1937,Electronics Engineering,electronics-engineering
1937,Electronics & Communication Engineering,electronics-communication-engineering
1937,Instrumentation Engineering,instrumentation-engineering
1937,Mechanical Engineering,mechanical-engineering
1937,Production Engineering,production-engineering
1937,Industrial Engineering,industrial-engineering
1937,Manufacturing Engineering,manufacturing-engineering
1937,Metallurgical Engineering,metallurgical-engineering
1937,Materials Science & Engineering,materials-science-engineering
1937,Industrial Metallurgy,industrial-metallurgy
1937,Mechatronics Engineering,mechatronics-engineering
1937,Thermal Engineering,thermal-engineering
1937,Energy Engineering,energy-engineering
1937,Power Engineering,power-engineering
1937,Electrical & Electronics Engineering,electrical-electronics-engineering
1937,Electrical & Mechanical Engineering,electrical-mechanical-engineering
1937,Robotics & Automation Engineering,robotics-automation-engineering
1937,Automation Engineering,automation-engineering
1937,Communication Engineering,communication-engineering
1937,Control & Instrumentation Engineering,control-instrumentation-engineering
1937,Applied Electronics Engineering,applied-electronics-engineering
1937,Industrial Electronics,industrial-electronics
1937,Electrochemical Engineering,electrochemical-engineering
1937,Computer Applications (MCA),computer-applications-mca
1832,Reasoning Ability,reasoning-ability
1832,General / Financial Awareness,general-financial-awareness
1832,Computer Aptitude,computer-aptitude
1832,English Language,english-language
1832,General English,general-english
1832,Numerical Ability,numerical-ability
1832,Quantitative Aptitude,quantitative-aptitude
1831,Reasoning Ability,reasoning-ability
1831,Reasoning & Computer Aptitude,reasoning-computer-aptitude
1831,Data Analysis & Interpretation,data-analysis-interpretation
1831,General / Economy / Banking Awareness,general-economy-banking-awareness
1831,Descriptive English (Essay Writing & Letter Writing),descriptive-english-essay-writing-letter-writing
1831,English Language,english-language
1831,Quantitative Aptitude,quantitative-aptitude
1831,Computer Aptitude,computer-aptitude
1831,General Awareness,general-awareness
1831,Economy Awareness,economy-awareness
1831,Banking Awareness,banking-awareness
1831,Descriptive English (Essay & Letter Writing),descriptive-english-essay-letter-writing
1837,Reasoning Ability,reasoning-ability
1837,Quantitative Aptitude,quantitative-aptitude
1837,General Awareness,general-awareness
1837,English Language or Hindi Language,english-language-or-hindi-language
1837,Computer Knowledge,computer-knowledge
1834,Reasoning Ability,reasoning-ability
1834,Quantitative Aptitude,quantitative-aptitude
1834,General Awareness,general-awareness
1834,English Language or Hindi Language,english-language-or-hindi-language
1834,Computer Knowledge,computer-knowledge
1834,Banking Awareness,banking-awareness
1834,Current Affairs,current-affairs
1834,Rural Economy & Agriculture,rural-economy-agriculture
1834,Personal Interview (HR Questions),personal-interview-hr-questions
1834,Communication Skills,communication-skills
1834,Graduation Subject Basics (if applicable),graduation-subject-basics-if-applicable
1835,Professional Knowledge (as per specialization),professional-knowledge-as-per-specialization
1835,Reasoning,reasoning
1835,Quantitative Aptitude & Data Interpretation,quantitative-aptitude-data-interpretation
1835,Financial Awareness,financial-awareness
1835,Computer Knowledge,computer-knowledge
1835,English Language or Hindi Language,english-language-or-hindi-language
1835,Information Technology (IT),information-technology-it
1835,Chartered Accountant (CA),chartered-accountant-ca
1835,Law Officer,law-officer
1835,Treasury Manager,treasury-manager
1835,Marketing Officer,marketing-officer
1835,Agriculture Officer,agriculture-officer
1836,Financial Awareness,financial-awareness
1836,Computer Knowledge,computer-knowledge
1836,English Language or Hindi Language,english-language-or-hindi-language
1836,Banking Awareness,banking-awareness
1836,Financial & Economic Awareness,financial-economic-awareness
1836,Current Affairs,current-affairs
1836,Rural Banking & Rural Economy,rural-banking-rural-economy
1836,Leadership & Managerial Skills,leadership-managerial-skills
1836,Communication Skills,communication-skills
1836,Work Experience (if applicable),work-experience
1836,Personal Interview (HR Questions),personal-interview-hr-questions
1836,Reasoning,reasoning
1836,Quantitative Aptitude & Data Interpretation,quantitative-aptitude-data-interpretation
1836,Hindi Language,hindi-language
1833,Quantitative Aptitude,quantitative-aptitude
1833,Professional Knowledge,professional-knowledge
1833,English Language,english-language
1833,Reasoning,reasoning
1833,General Awareness (with Special Reference to Banking Industry),general-awareness-with-special-reference-to-banking-industry
1833,IT Officer – Computer Science / Information Technology,it-officer-computer-science-information-technology
1833,Agriculture Field Officer – Agriculture,agriculture-field-officer-agriculture
1833,Law Officer – Law,law-officer-law
1833,HR/Personnel Officer – Human Resource Management / Personnel Management,hr-personnel-officer-human-resource-management-personnel-management
1833,Marketing Officer – Marketing Management,marketing-officer-marketing-management
1833,Rajbhasha Adhikari – Hindi Language & Translation,rajbhasha-adhikari-hindi-language-translation
1862,English,english
1862,General Awareness,general-awareness
1862,Numerical Ability,numerical-ability
1862,Reasoning & Military Aptitude Test,reasoning-military-aptitude-test
1862,Engineering Knowledge Test (EKT),engineering-knowledge-test-ekt
1863,English Group X,english-group-x
1863,Physics Group X,physics-group-x
1863,Mathematics Group X,mathematics-group-x
1863,English Group Y,english-group-y
1863,Reasoning & General Awareness (RAGA) Group Y,reasoning-general-awareness-raga-group-y
1863,English Both Groups,english-both-groups
1863,Physics Both Groups,physics-both-groups
1863,Mathematics Both Groups,mathematics-both-groups
1863,Reasoning & General Awareness (RAGA) Both Groups,reasoning-general-awareness-raga-both-groups
1864,English,english
1864,Physics,physics
1864,Mathematics,mathematics
1865,English,english
1865,Reasoning & General Awareness (RAGA),reasoning-general-awareness-raga
1854,General Knowledge,general-knowledge
1854,"General Science,",general-science
1854,Mathematics,mathematics
1854,Logical Reasoning,logical-reasoning
2111,General Knowledge,general-knowledge
2111,Mathematics,mathematics
2111,Physics,physics
2111,Chemistry,chemistry
2112,General Knowledge,general-knowledge
2112,"General Science,",general-science
2112,Mathematics,mathematics
2112,Computer Science,computer-science
2112,English,english
2113,General Knowledge,general-knowledge
2113,General Science,general-science
2113,Mathematics,mathematics
2113,Logical Reasoning,logical-reasoning
2114,General Knowledge,general-knowledge
2114,General Science,general-science
2114,Mathematics,mathematics
2114,Logical Reasoning,logical-reasoning
1856,English,english
1856,Current Affairs,current-affairs
1856,General Knowledge,general-knowledge
1856,Indian Constitution,indian-constitution
1856,Constitutional Law,constitutional-law
1856,Criminal Law,criminal-law
1856,Civil Law,civil-law
1856,Law of Contracts,law-of-contracts
1856,Law of Torts,law-of-torts
1856,Family Law,family-law
1856,Company Law,company-law
1856,Administrative Law,administrative-law
1856,Labour Law,labour-law
1856,Environmental Law,environmental-law
1856,Intellectual Property Rights (IPR),intellectual-property-rights-ipr
1856,International Law,international-law
1856,Human Rights Law,human-rights-law
1856,Cyber Law,cyber-law
1856,Legal Reasoning,legal-reasoning
1856,Military Law (Basic Awareness),military-law-basic-awareness
1856,Communication Skills,communication-skills
1856,Officer Like Qualities (OLQs),officer-like-qualities-olqs
1856,Psychology,psychology
1856,Logical Reasoning,logical-reasoning
1857,English,english
1857,General Knowledge,general-knowledge
1857,Current Affairs,current-affairs
1857,Indian Constitution,indian-constitution
1857,Indian History,indian-history
1857,Geography,geography
1857,Defence Awareness,defence-awareness
1857,NCC Knowledge,ncc-knowledge
1857,Leadership,leadership
1857,Communication Skills,communication-skills
1857,Officer Like Qualities (OLQs),officer-like-qualities-olqs
1857,Verbal Reasoning,verbal-reasoning
1857,Non-Verbal Reasoning,non-verbal-reasoning
1857,Psychology,psychology
1857,Logical Reasoning,logical-reasoning
1857,Personality Development,personality-development
1855,Physics,physics
1855,Chemistry,chemistry
1855,Mathematics,mathematics
1855,English,english
1855,General Knowledge,general-knowledge
1855,Current Affairs,current-affairs
1855,Logical Reasoning,logical-reasoning
1855,Verbal Reasoning,verbal-reasoning
1855,Non-Verbal Reasoning,non-verbal-reasoning
1855,Psychology,psychology
1855,Communication Skills,communication-skills
1855,Leadership,leadership
1855,Officer Like Qualities (OLQs),officer-like-qualities-olqs
1866,English,english
1866,Reasoning & Numerical Ability,reasoning-numerical-ability
1866,General Science & Mathematical Aptitude,general-science-mathematical-aptitude
1866,General Knowledge,general-knowledge
1868,Mathematics,mathematics
1868,General Science,general-science
1868,English,english
1868,Reasoning,reasoning
1868,General Knowledge (GK) / Current Affairs,general-knowledge-gk-current-affairs
1867,Mathematics,mathematics
1867,Science,science
1867,English,english
1867,Reasoning,reasoning
1867,General Knowledge (GK) / Current Affairs,general-knowledge-gk-current-affairs
1867,Physics,physics
1867,Mathematics (Class 12 Level),mathematics-class-12-level
1869,Mathematics,mathematics
1869,Science,science
1869,English,english
1869,Reasoning,reasoning
1869,General Knowledge (GK) / Current Affairs,general-knowledge-gk-current-affairs
1869,Physics,physics
1869,Mathematics (Class 12 Level),mathematics-class-12-level
1869,Mechanical Engineering (Yantrik – Mechanical),mechanical-engineering-yantrik-mechanical
1869,Electrical Engineering (Yantrik – Electrical),electrical-engineering-yantrik-electrical
1869,Electronics Engineering (Yantrik – Electronics),electronics-engineering-yantrik-electronics
1859,Science,science
1859,Mathematics,mathematics
1859,General Awareness,general-awareness
1858,English,english
1858,Science,science
1858,Mathematics,mathematics
1858,General Awareness,general-awareness
1860,English,english
1860,Reasoning & Numerical Ability,reasoning-numerical-ability
1860,General Science & Mathematical Aptitude,general-science-mathematical-aptitude
1860,General Knowledge,general-knowledge
1861,English,english
1861,General Knowledge,general-knowledge
1861,Current Affairs,current-affairs
1861,Reasoning Ability (Verbal & Non-Verbal),reasoning-ability-verbal-non-verbal
1861,Quantitative Aptitude (Basic Mathematics),quantitative-aptitude-basic-mathematics
1861,General Science,general-science
1861,Computer Awareness (Basic),computer-awareness-basic
1861,Psychology,psychology
1861,Officer Intelligence Rating (OIR),officer-intelligence-rating-oir
1861,Picture Perception & Discussion Test (PPDT),picture-perception-discussion-test-ppdt
1861,Group Discussion (GD),group-discussion-gd
1861,Group Planning Exercise (GPE),group-planning-exercise-gpe
1861,Group Testing Officer (GTO) Tasks,group-testing-officer-gto-tasks
1861,Personal Interview,personal-interview
1861,Communication Skills,communication-skills
1861,Leadership & Decision Making,leadership-decision-making
1861,Professional / Technical Subject,professional-technical-subject
1847,Reasoning Ability,reasoning-ability
1847,Quantitative Aptitude,quantitative-aptitude
1847,English Language,english-language
1847,General Knowledge & Current Affairs,general-knowledge-current-affairs
1847,Data Analysis & Interpretation,data-analysis-interpretation
1847,Insurance & Financial Market Awareness,insurance-financial-market-awareness
1847,Professional Knowledge (for Specialist posts only),professional-knowledge-for-specialist-posts-only
1848,Reasoning Ability,reasoning-ability
1848,Numerical Ability,numerical-ability
1848,English Language,english-language
1848,General Knowledge,general-knowledge
1848,Current Affairs,current-affairs
1848,Insurance Awareness,insurance-awareness
1848,Financial Market Awareness,financial-market-awareness
1848,Insurance Marketing,insurance-marketing
1849,Reasoning Ability,reasoning-ability
1849,Numerical Ability,numerical-ability
1849,English Language / Hindi Language,english-language-hindi-language
1849,Quantitative Aptitude,quantitative-aptitude
1849,General Awareness,general-awareness
1849,Financial Awareness,financial-awareness
1849,Computer Aptitude,computer-aptitude
1850,English Language,english-language
1850,Reasoning Ability,reasoning-ability
1850,Quantitative Aptitude,quantitative-aptitude
1850,General Awareness,general-awareness
1850,Insurance Awareness,insurance-awareness
1850,Financial Market Awareness,financial-market-awareness
1850,Computer Knowledge,computer-knowledge
1850,Professional Knowledge (for Specialist posts only),professional-knowledge-for-specialist-posts-only
1851,English Language,english-language
1851,Reasoning Ability,reasoning-ability
1851,Numerical Ability,numerical-ability
1851,General Awareness,general-awareness
1851,Computer Knowledge,computer-knowledge
1853,Reasoning Ability,reasoning-ability
1853,Quantitative Aptitude,quantitative-aptitude
1853,English Language,english-language
1853,General Awareness,general-awareness
1853,Insurance Awareness,insurance-awareness
1853,Computer Knowledge,computer-knowledge
1853,Professional Knowledge (for Specialist posts only),professional-knowledge-for-specialist-posts-only
1852,Reasoning Ability,reasoning-ability
1852,Quantitative Aptitude,quantitative-aptitude
1852,English Language,english-language
1852,General Awareness,general-awareness
1852,Financial Sector Awareness,financial-sector-awareness
1852,Computer Knowledge,computer-knowledge
1852,Professional Knowledge (for Specialist posts only),professional-knowledge-for-specialist-posts-only
1915,Constitution of India,constitution-of-india
1915,Bharatiya Nyaya Sanhita (BNS) / Indian Penal Code (IPC),bharatiya-nyaya-sanhita-bns-indian-penal-code-ipc
1915,Bharatiya Nagarik Suraksha Sanhita (BNSS) / Code of Criminal Procedure (CrPC),bharatiya-nagarik-suraksha-sanhita-bnss-code-of-criminal-procedure-crpc
1915,Bharatiya Sakshya Adhiniyam (BSA) / Indian Evidence Act,bharatiya-sakshya-adhiniyam-bsa-indian-evidence-act
1915,Code of Civil Procedure (CPC),code-of-civil-procedure-cpc
1915,Indian Contract Act,indian-contract-act
1915,Specific Relief Act,specific-relief-act
1915,Transfer of Property Act,transfer-of-property-act
1915,Limitation Act,limitation-act
1915,Registration Act,registration-act
1915,Hindu Law,hindu-law
1915,Muslim Law,muslim-law
1915,Law of Torts,law-of-torts
1915,Partnership Act,partnership-act
1915,Sale of Goods Act,sale-of-goods-act
1915,Negotiable Instruments Act,negotiable-instruments-act
1915,Easements Act,easements-act
1915,Arbitration and Conciliation Act,arbitration-and-conciliation-act
1915,Commercial Courts Act,commercial-courts-act
1915,Consumer Protection Act,consumer-protection-act
1915,Information Technology Act,information-technology-act
1915,Family Courts Act,family-courts-act
1915,Juvenile Justice Act,juvenile-justice-act
1915,Protection of Women from Domestic Violence Act,protection-of-women-from-domestic-violence-act
1915,Dowry Prohibition Act,dowry-prohibition-act
1915,Legal Services Authorities Act,legal-services-authorities-act
1915,Environmental Law,environmental-law
1915,Administrative Law,administrative-law
1915,Jurisprudence,jurisprudence
1915,Public International Law,public-international-law
1915,General English,general-english
1915,General Hindi / Regional Language (State-wise),general-hindi-regional-language-state-wise
1915,Translation (English ↔ Hindi/Regional Language),translation-english-hindi-regional-language
1915,Essay Writing,essay-writing
1915,Precis Writing,precis-writing
1915,Judgment Writing,judgment-writing
1915,Current Affairs,current-affairs
1915,General Knowledge,general-knowledge
1915,Legal Aptitude,legal-aptitude
1915,Computer Knowledge,computer-knowledge
1914,General English,general-english
1914,General Hindi / Regional Language (State-wise),general-hindi-regional-language-state-wise
1914,General Knowledge,general-knowledge
1914,Current Affairs,current-affairs
1914,Indian Constitution,indian-constitution
1914,Indian Judiciary,indian-judiciary
1914,General Intelligence & Reasoning,general-intelligence-reasoning
1914,Quantitative Aptitude / Numerical Ability,quantitative-aptitude-numerical-ability
1914,Computer Knowledge,computer-knowledge
1914,English Grammar,english-grammar
1914,Vocabulary,vocabulary
1914,Reading Comprehension,reading-comprehension
1914,Precis Writing,precis-writing
1914,Essay Writing,essay-writing
1914,Translation (English ↔ Hindi / Regional Language),translation-english-hindi-regional-language
1914,Typing Skill (English/Hindi) (for applicable posts),typing-skill-english-hindi-for-applicable-posts
1914,Stenography (for Stenographer posts),stenography-for-stenographer-posts
1914,Office Procedure,office-procedure
1914,Legal Terminology,legal-terminology
1914,Basic Civil Law,basic-civil-law
1914,Basic Criminal Law,basic-criminal-law
1914,Code of Civil Procedure (CPC),code-of-civil-procedure-cpc
1914,Bharatiya Nyaya Sanhita (BNS) / Indian Penal Code (IPC),bharatiya-nyaya-sanhita-bns-indian-penal-code-ipc
1914,Bharatiya Nagarik Suraksha Sanhita (BNSS) / Code of Criminal Procedure (CrPC),bharatiya-nagarik-suraksha-sanhita-bnss-code-of-criminal-procedure-crpc
1914,Bharatiya Sakshya Adhiniyam (BSA) / Indian Evidence Act,bharatiya-sakshya-adhiniyam-bsa-indian-evidence-act
1914,"Computer Typing & Office Applications (MS Office, Internet)",computer-typing-office-applications-ms-office-internet
1913,Constitution of India,constitution-of-india
1913,Jurisprudence,jurisprudence
1913,Bharatiya Nyaya Sanhita (BNS) / Indian Penal Code (IPC),bharatiya-nyaya-sanhita-bns-indian-penal-code-ipc
1913,Bharatiya Nagarik Suraksha Sanhita (BNSS) / Code of Criminal Procedure (CrPC),bharatiya-nagarik-suraksha-sanhita-bnss-code-of-criminal-procedure-crpc
1913,Bharatiya Sakshya Adhiniyam (BSA) / Indian Evidence Act,bharatiya-sakshya-adhiniyam-bsa-indian-evidence-act
1913,Code of Civil Procedure (CPC),code-of-civil-procedure-cpc
1913,Indian Contract Act,indian-contract-act
1913,Specific Relief Act,specific-relief-act
1913,Transfer of Property Act,transfer-of-property-act
1913,Limitation Act,limitation-act
1913,Registration Act,registration-act
1913,Sale of Goods Act,sale-of-goods-act
1913,Partnership Act,partnership-act
1913,Negotiable Instruments Act,negotiable-instruments-act
1913,Easements Act,easements-act
1913,Law of Torts,law-of-torts
1913,Hindu Law,hindu-law
1913,Muslim Law,muslim-law
1913,Family Law,family-law
1913,Constitutional Law,constitutional-law
1913,Administrative Law,administrative-law
1913,Commercial Laws,commercial-laws
1913,Arbitration and Conciliation Act,arbitration-and-conciliation-act
1913,Consumer Protection Act,consumer-protection-act
1913,Environmental Law,environmental-law
1913,Labour Law,labour-law
1913,Banking Law,banking-law
1913,Company Law,company-law
1913,Intellectual Property Rights (IPR),intellectual-property-rights-ipr
1913,Information Technology (IT) Law,information-technology-it-law
1913,Human Rights Law,human-rights-law
1913,Public International Law,public-international-law
1913,Legal Ethics,legal-ethics
1913,General Knowledge,general-knowledge
1913,Current Affairs,current-affairs
1913,General English,general-english
1913,General Hindi / Regional Language (State-wise),general-hindi-regional-language-state-wise
1913,English Grammar,english-grammar
1913,Hindi Grammar,hindi-grammar
1913,Essay Writing,essay-writing
1913,Precis Writing,precis-writing
1913,Translation (English ↔ Hindi / Regional Language),translation-english-hindi-regional-language
1913,Judgment Writing,judgment-writing
1913,Legal Aptitude,legal-aptitude
1913,Computer Knowledge (in some states),computer-knowledge-in-some-states
1913,Local / State Laws (State-specific),local-state-laws-state-specific
1916,General English,general-english
1916,English Grammar,english-grammar
1916,Vocabulary,vocabulary
1916,Reading Comprehension,reading-comprehension
1916,Essay Writing,essay-writing
1916,Precis Writing,precis-writing
1916,General Knowledge,general-knowledge
1916,Current Affairs,current-affairs
1916,Indian Constitution,indian-constitution
1916,Indian Judiciary,indian-judiciary
1916,Legal Aptitude,legal-aptitude
1916,General Intelligence & Reasoning,general-intelligence-reasoning
1916,Quantitative Aptitude / Numerical Ability,quantitative-aptitude-numerical-ability
1916,Computer Knowledge,computer-knowledge
1916,MS Office,ms-office
1916,Internet & Computer Fundamentals,internet-computer-fundamentals
1916,Typing Skill (English),typing-skill-english
1916,Shorthand (for Stenographer / Personal Assistant / Court Master posts),shorthand-for-stenographer-personal-assistant-court-master-posts
1916,Translation (for Translator posts),translation-for-translator-posts
1916,Office Procedure,office-procedure
1916,Legal Terminology,legal-terminology
1916,Code of Civil Procedure (CPC),code-of-civil-procedure-cpc
1916,Bharatiya Nyaya Sanhita (BNS) / Indian Penal Code (IPC),bharatiya-nyaya-sanhita-bns-indian-penal-code-ipc
1916,Bharatiya Nagarik Suraksha Sanhita (BNSS) / Code of Criminal Procedure (CrPC),bharatiya-nagarik-suraksha-sanhita-bnss-code-of-criminal-procedure-crpc
1916,Bharatiya Sakshya Adhiniyam (BSA) / Indian Evidence Act,bharatiya-sakshya-adhiniyam-bsa-indian-evidence-act
1916,Constitutional Law,constitutional-law
1916,Contract Law (for Law Clerk and legal posts),contract-law-for-law-clerk-and-legal-posts
1916,Jurisprudence (for Law Clerk and legal posts),jurisprudence-for-law-clerk-and-legal-posts
1925,General Knowledge,general-knowledge
1925,General Aptitude,general-aptitude
1925,Nursing Fundamentals,nursing-fundamentals
1925,Medical-Surgical Nursing,medical-surgical-nursing
1925,Community Health Nursing,community-health-nursing
1925,Mental Health Nursing (Psychiatric Nursing),mental-health-nursing-psychiatric-nursing
1925,Child Health Nursing (Pediatric Nursing),child-health-nursing-pediatric-nursing
1925,Midwifery & Obstetrical Nursing,midwifery-obstetrical-nursing
1925,Nursing Research & Statistics,nursing-research-statistics
1925,Nursing Education,nursing-education
1925,Nursing Management,nursing-management
1925,Anatomy,anatomy
1925,Physiology,physiology
1925,Biochemistry,biochemistry
1925,Microbiology,microbiology
1925,Pathology,pathology
1925,Pharmacology,pharmacology
1925,Psychology,psychology
1925,Sociology,sociology
1925,Nutrition & Dietetics,nutrition-dietetics
1925,First Aid,first-aid
1925,Environmental Hygiene,environmental-hygiene
1925,Computer in Nursing,computer-in-nursing
1925,Professional Trends & Ethics,professional-trends-ethics
1929,Anatomy,anatomy
1929,Physiology,physiology
1929,Biochemistry,biochemistry
1929,Microbiology,microbiology
1929,Pathology,pathology
1929,Pharmacology,pharmacology
1929,Fundamentals of Nursing,fundamentals-of-nursing
1929,Medical-Surgical Nursing,medical-surgical-nursing
1929,Community Health Nursing,community-health-nursing
1929,Child Health Nursing (Pediatric Nursing),child-health-nursing-pediatric-nursing
1929,Midwifery & Obstetrical Nursing,midwifery-obstetrical-nursing
1929,Mental Health Nursing,mental-health-nursing
1929,Nutrition,nutrition
1929,First Aid,first-aid
1929,Health Education & Communication Skills,health-education-communication-skills
1929,Environmental Hygiene,environmental-hygiene
1929,Nursing Administration & Ward Management,nursing-administration-ward-management
1929,Epidemiology,epidemiology
1929,Demography & Vital Statistics,demography-vital-statistics
1929,Family Planning,family-planning
1929,Maternal Health,maternal-health
1929,Adolescent Health,adolescent-health
1929,Immunization,immunization
1929,National Health Programmes,national-health-programmes
1929,Public Health,public-health
1929,General Knowledge,general-knowledge
1929,General Awareness,general-awareness
1929,General Aptitude,general-aptitude
1929,Logical Reasoning,logical-reasoning
1929,Basic Computer Knowledge,basic-computer-knowledge
1927,General Awareness,general-awareness
1927,General Intelligence & Reasoning,general-intelligence-reasoning
1927,Arithmetic & Numerical Ability,arithmetic-numerical-ability
1927,English Language,english-language
1927,Hindi Language,hindi-language
1927,Nursing Foundations,nursing-foundations
1927,Anatomy,anatomy
1927,Physiology,physiology
1927,Biochemistry,biochemistry
1927,Microbiology,microbiology
1927,Pathology,pathology
1927,Pharmacology,pharmacology
1927,Psychology,psychology
1927,Sociology,sociology
1927,Nutrition & Dietetics,nutrition-dietetics
1927,Medical-Surgical Nursing,medical-surgical-nursing
1927,Community Health Nursing,community-health-nursing
1927,Child Health Nursing (Pediatric Nursing),child-health-nursing-pediatric-nursing
1927,Midwifery & Obstetrical Nursing,midwifery-obstetrical-nursing
1927,Mental Health Nursing (Psychiatric Nursing),mental-health-nursing-psychiatric-nursing
1927,Nursing Education,nursing-education
1927,Nursing Administration,nursing-administration
1927,Nursing Research & Statistics,nursing-research-statistics
1927,Environmental Hygiene,environmental-hygiene
1927,First Aid,first-aid
1927,Professional Trends & Ethics,professional-trends-ethics
1927,Computer in Nursing,computer-in-nursing
1926,General Knowledge,general-knowledge
1926,General Awareness,general-awareness
1926,General Aptitude,general-aptitude
1926,Computer Knowledge,computer-knowledge
1926,Anatomy,anatomy
1926,Physiology,physiology
1926,Biochemistry,biochemistry
1926,Microbiology,microbiology
1926,Pathology,pathology
1926,Pharmacology,pharmacology
1926,Psychology,psychology
1926,Sociology,sociology
1926,Nutrition & Dietetics,nutrition-dietetics
1926,Nursing Foundations,nursing-foundations
1926,Medical-Surgical Nursing,medical-surgical-nursing
1926,Community Health Nursing,community-health-nursing
1926,Child Health Nursing (Pediatric Nursing),child-health-nursing-pediatric-nursing
1926,Midwifery & Obstetrical Nursing,midwifery-obstetrical-nursing
1926,Mental Health Nursing (Psychiatric Nursing),mental-health-nursing-psychiatric-nursing
1926,Nursing Education,nursing-education
1926,Nursing Administration,nursing-administration
1926,Nursing Research & Statistics,nursing-research-statistics
1926,First Aid,first-aid
1926,Environmental Hygiene,environmental-hygiene
1926,Professional Ethics,professional-ethics
1926,Infection Control,infection-control
1928,General Knowledge,general-knowledge
1928,General Awareness,general-awareness
1928,General Intelligence & Reasoning,general-intelligence-reasoning
1928,General Aptitude,general-aptitude
1928,Numerical Ability,numerical-ability
1928,English Language,english-language
1928,Computer Knowledge,computer-knowledge
1928,Anatomy,anatomy
1928,Physiology,physiology
1928,Biochemistry,biochemistry
1928,Microbiology,microbiology
1928,Pathology,pathology
1928,Pharmacology,pharmacology
1928,Psychology,psychology
1928,Sociology,sociology
1928,Nutrition & Dietetics,nutrition-dietetics
1928,Nursing Foundations,nursing-foundations
1928,Medical-Surgical Nursing,medical-surgical-nursing
1928,Community Health Nursing,community-health-nursing
1928,Child Health Nursing (Pediatric Nursing),child-health-nursing-pediatric-nursing
1928,Midwifery & Obstetrical Nursing,midwifery-obstetrical-nursing
1928,Mental Health Nursing (Psychiatric Nursing),mental-health-nursing-psychiatric-nursing
1928,Nursing Education,nursing-education
1928,Nursing Administration,nursing-administration
1928,Nursing Research & Statistics,nursing-research-statistics
1928,First Aid,first-aid
1928,Environmental Hygiene,environmental-hygiene
1928,Professional Ethics,professional-ethics
1928,Infection Control,infection-control
1846,English Language,english-language
1846,Quantitative Aptitude,quantitative-aptitude
1846,Reasoning Ability,reasoning-ability
1846,General Awareness,general-awareness
1846,Banking Awareness,banking-awareness
1846,Financial Awareness,financial-awareness
1846,Economic & Commercial Awareness,economic-commercial-awareness
1846,International Trade,international-trade
1846,Export-Import (EXIM) Banking,export-import-exim-banking
1846,Indian Economy,indian-economy
1846,Current Affairs,current-affairs
1846,Computer Knowledge,computer-knowledge
1846,Professional Knowledge (Post-specific),professional-knowledge-post-specific
1846,Descriptive English (Essay & Precis Writing),descriptive-english-essay-precis-writing
1843,English Language,english-language
1843,Quantitative Aptitude,quantitative-aptitude
1843,Reasoning Ability,reasoning-ability
1843,Computer Knowledge,computer-knowledge
1843,Decision Making,decision-making
1843,General Awareness,general-awareness
1843,Economic & Social Issues (ESI),economic-social-issues-esi
1843,Agriculture & Rural Development (ARD),agriculture-rural-development-ard
1843,Descriptive English,descriptive-english
1843,Professional Knowledge (for Specialist Posts only),professional-knowledge-for-specialist-posts-only
1843,Agriculture,agriculture
1843,Agriculture Engineering,agriculture-engineering
1843,Plantation & Horticulture,plantation-horticulture
1843,Fisheries,fisheries
1843,Food Processing,food-processing
1843,Land Development / Soil Science,land-development-soil-science
1843,Civil Engineering,civil-engineering
1843,Electrical Engineering,electrical-engineering
1843,Computer / Information Technology,computer-information-technology
1843,Finance,finance
1843,Chartered Accountancy,chartered-accountancy
1843,Company Secretary,company-secretary
1843,Legal,legal
1843,Applied Economics,applied-economics
1843,Mass Media,mass-media
1844,English Language,english-language
1844,Quantitative Aptitude,quantitative-aptitude
1844,Reasoning Ability,reasoning-ability
1844,Computer Knowledge,computer-knowledge
1844,Decision Making,decision-making
1844,General Awareness,general-awareness
1844,Economic & Social Issues (ESI),economic-social-issues-esi
1844,Agriculture & Rural Development (ARD),agriculture-rural-development-ard
1844,Descriptive English,descriptive-english
1844,Development Economics,development-economics
1844,Statistics,statistics
1844,Finance,finance
1844,Management,management
1845,English Language,english-language
1845,Reasoning Aptitude,reasoning-aptitude
1845,Quantitative Aptitude,quantitative-aptitude
1845,Computer Knowledge,computer-knowledge
1845,General Awareness,general-awareness
1845,Banking Awareness,banking-awareness
1845,Financial Awareness,financial-awareness
1845,Economic & Social Issues,economic-social-issues
1845,MSME Policy,msme-policy
1845,MSME Regulatory Framework,msme-regulatory-framework
1845,MSME Legal Framework,msme-legal-framework
1845,MSME Finance,msme-finance
1845,MSME Management,msme-management
1845,"Stream-Specific Knowledge (General / Legal / IT, as applicable)",stream-specific-knowledge-general-legal-it-as-applicable
1845,"Descriptive English (Essay, Precis & Business Correspondence)",descriptive-english-essay-precis-business-correspondence
1951,General Intelligence & Reasoning,general-intelligence-reasoning
1951,General Awareness,general-awareness
1951,Quantitative Aptitude,quantitative-aptitude
1951,English Language,english-language
1951,Computer Knowledge,computer-knowledge
1951,Current Affairs,current-affairs
1951,Indian Polity,indian-polity
1951,Indian Constitution,indian-constitution
1951,Indian History,indian-history
1951,Indian Geography,indian-geography
1951,Indian Economy,indian-economy
1951,General Science,general-science
1951,Logical Reasoning,logical-reasoning
1951,Analytical Ability,analytical-ability
1951,Data Interpretation,data-interpretation
1951,Arithmetic,arithmetic
1951,Statistics (for some posts),statistics-for-some-posts
1951,Investigation & Criminal Law Basics (for specific posts),investigation-criminal-law-basics-for-specific-posts
1951,Criminal Procedure Code (CrPC) (for law-related posts),criminal-procedure-code-crpc-for-law-related-posts
1951,Indian Penal Code (IPC) / Bharatiya Nyaya Sanhita (BNS) (depending on notification),indian-penal-code-ipc-bharatiya-nyaya-sanhita-bns-depending-on-notification
1951,Evidence Law (for legal posts),evidence-law-for-legal-posts
1951,Cyber Crime & Information Technology Basics (for technical/legal posts),cyber-crime-information-technology-basics-for-technical-legal-posts
1947,Mathematics / Numerical Ability,mathematics-numerical-ability
1947,General Awareness,general-awareness
1947,General Science,general-science
1947,Logical Reasoning,logical-reasoning
1947,General Intelligence,general-intelligence
1947,Knowledge of Railways,knowledge-of-railways
1947,Knowledge of DFCCIL,knowledge-of-dfccil
1947,English Language,english-language
1947,Computer Knowledge,computer-knowledge
1947,Current Affairs,current-affairs
1947,Technical / Domain-Specific Subject (for Executive & Junior Manager posts),technical-domain-specific-subject
1947,Decision Making (for some Junior Manager posts),decision-making
1946,General Awareness,general-awareness
1946,General Intelligence & Reasoning,general-intelligence-reasoning
1946,Arithmetic & Numerical Ability,arithmetic-numerical-ability
1946,English Language,english-language
1946,Hindi Language,hindi-language
1946,Computer Knowledge,computer-knowledge
1946,Current Affairs,current-affairs
1946,General Science,general-science
1946,Indian History,indian-history
1946,Indian Polity,indian-polity
1946,Indian Constitution,indian-constitution
1946,Indian Geography,indian-geography
1946,Indian Economy,indian-economy
1946,Environmental Studies,environmental-studies
1946,Logical Reasoning,logical-reasoning
1946,Analytical Ability,analytical-ability
1946,Data Interpretation,data-interpretation
1946,Quantitative Aptitude,quantitative-aptitude
1946,Decision Making (for some posts),decision-making-for-some-posts
1946,"Subject-Specific / Domain Knowledge (as per the post, e.g., Teaching, Engineering, Nursing, Law, Accounts, etc.)",subject-specific-domain-knowledge-as-per-the-post-e-g-teaching-engineering-nursing-law-accounts-etc
1944,General Awareness,general-awareness
1944,General Intelligence & Reasoning,general-intelligence-reasoning
1944,Arithmetic & Numerical Ability,arithmetic-numerical-ability
1944,English Language,english-language
1944,Hindi Language,hindi-language
1944,Computer Knowledge,computer-knowledge
1944,Current Affairs,current-affairs
1944,General Science,general-science
1944,Indian History,indian-history
1944,Indian Polity,indian-polity
1944,Indian Constitution,indian-constitution
1944,Indian Geography,indian-geography
1944,Indian Economy,indian-economy
1944,Environmental Studies,environmental-studies
1944,Logical Reasoning,logical-reasoning
1944,Analytical Ability,analytical-ability
1944,Data Interpretation,data-interpretation
1944,Quantitative Aptitude,quantitative-aptitude
1944,Decision Making (for some posts),decision-making-for-some-posts
1944,"Subject-Specific / Domain Knowledge (as per the post, e.g., Teaching, Engineering, Nursing, Law, Accounts, etc.)",subject-specific-domain-knowledge-as-per-the-post-e-g-teaching-engineering-nursing-law-accounts-etc
1945,English Language,english-language
1945,Reasoning Ability,reasoning-ability
1945,Numerical Aptitude,numerical-aptitude
1945,General Aptitude,general-aptitude
1945,General Knowledge,general-knowledge
1945,General Awareness,general-awareness
1945,Current Affairs,current-affairs
1945,Computer Knowledge,computer-knowledge
1945,Computer Typing Skill,computer-typing-skill
1945,Data Entry Skill,data-entry-skill
1945,Quantitative Aptitude,quantitative-aptitude
1945,Arithmetic,arithmetic
1945,Logical Reasoning,logical-reasoning
1945,Data Interpretation,data-interpretation
1950,General Intelligence & Reasoning,general-intelligence-reasoning
1950,General Awareness,general-awareness
1950,Current Affairs,current-affairs
1950,English Language,english-language
1950,Quantitative Aptitude,quantitative-aptitude
1950,Arithmetic,arithmetic
1950,Logical Reasoning,logical-reasoning
1950,Analytical Ability,analytical-ability
1950,Data Interpretation,data-interpretation
1950,Computer Knowledge,computer-knowledge
1950,Indian Polity,indian-polity
1950,Indian Constitution,indian-constitution
1950,Indian Economy,indian-economy
1950,General Science,general-science
1950,Indian History,indian-history
1950,Indian Geography,indian-geography
1950,Financial Awareness,financial-awareness
1950,Banking Awareness,banking-awareness
1950,Economics,economics
1950,Commerce,commerce
1950,Accounting,accounting
1950,Money Laundering Laws,money-laundering-laws
1950,Foreign Exchange Management Act (FEMA),foreign-exchange-management-act-fema
1950,Prevention of Money Laundering Act (PMLA),prevention-of-money-laundering-act-pmla
1950,Criminal Law,criminal-law
1950,Cyber Crime Basics,cyber-crime-basics
1950,Investigation Techniques,investigation-techniques
1952,English Language,english-language
1952,Reasoning Ability,reasoning-ability
1952,Quantitative Aptitude,quantitative-aptitude
1952,Numerical Ability,numerical-ability
1952,General Intelligence,general-intelligence
1952,General Awareness,general-awareness
1952,Current Affairs,current-affairs
1952,Computer Knowledge,computer-knowledge
1952,General Science,general-science
1952,Indian History,indian-history
1952,Indian Geography,indian-geography
1952,Indian Polity,indian-polity
1952,Indian Economy,indian-economy
1952,Agriculture,agriculture
1952,Agriculture Engineering,agriculture-engineering
1952,Food Science,food-science
1952,Food Technology,food-technology
1952,Botany,botany
1952,Zoology,zoology
1952,Biochemistry,biochemistry
1952,Biotechnology,biotechnology
1952,Microbiology,microbiology
1952,Chemistry,chemistry
1952,Commerce,commerce
1952,Accounts,accounts
1952,Finance,finance
1952,Management,management
1952,Statistics,statistics
1952,Civil Engineering,civil-engineering
1952,Mechanical Engineering,mechanical-engineering
1952,Electrical Engineering,electrical-engineering
1952,Hindi Language (for Hindi posts),hindi-language-for-hindi-posts
1948,General Awareness,general-awareness
1948,Current Affairs,current-affairs
1948,General Knowledge,general-knowledge
1948,General Studies,general-studies
1948,English Language,english-language
1948,Quantitative Aptitude,quantitative-aptitude
1948,Numerical Ability,numerical-ability
1948,Arithmetic,arithmetic
1948,Logical Reasoning,logical-reasoning
1948,Analytical Ability,analytical-ability
1948,General Intelligence,general-intelligence
1948,Verbal Reasoning,verbal-reasoning
1948,Non-Verbal Reasoning,non-verbal-reasoning
1948,Data Interpretation,data-interpretation
1948,Computer Knowledge,computer-knowledge
1948,Indian History,indian-history
1948,Indian Geography,indian-geography
1948,Indian Polity,indian-polity
1948,Indian Constitution,indian-constitution
1948,Indian Economy,indian-economy
1948,General Science,general-science
1948,Science & Technology,science-technology
1948,National & International Affairs,national-international-affairs
1948,Essay Writing,essay-writing
1948,English Comprehension,english-comprehension
1948,Precis Writing,precis-writing
1953,General Awareness,general-awareness
1953,Current Affairs,current-affairs
1953,General Intelligence & Reasoning,general-intelligence-reasoning
1953,Logical Reasoning,logical-reasoning
1953,Quantitative Aptitude,quantitative-aptitude
1953,Numerical Ability,numerical-ability
1953,English Language,english-language
1953,Computer Knowledge,computer-knowledge
1953,Data Interpretation,data-interpretation
1953,Indian Economy,indian-economy
1953,Indian Polity,indian-polity
1953,Indian Constitution,indian-constitution
1953,General Science,general-science
1953,Civil Engineering,civil-engineering
1953,Highway Engineering,highway-engineering
1953,Transportation Engineering,transportation-engineering
1953,Structural Engineering,structural-engineering
1953,Geotechnical Engineering,geotechnical-engineering
1953,Surveying,surveying
1953,Environmental Engineering,environmental-engineering
1953,Construction Management,construction-management
1953,Engineering Mathematics,engineering-mathematics
1953,Information Technology (for IT posts),information-technology-for-it-posts
1953,Computer Science (for IT posts),computer-science-for-it-posts
1953,Finance & Accounts (for Finance posts),finance-accounts-for-finance-posts
1953,Human Resource Management (for HR posts),human-resource-management-for-hr-posts
1949,General Awareness,general-awareness
1949,Current Affairs,current-affairs
1949,General Knowledge,general-knowledge
1949,English Language,english-language
1949,Quantitative Aptitude,quantitative-aptitude
1949,Numerical Ability,numerical-ability
1949,Arithmetic,arithmetic
1949,Logical Reasoning,logical-reasoning
1949,Analytical Ability,analytical-ability
1949,General Intelligence,general-intelligence
1949,Verbal Reasoning,verbal-reasoning
1949,Non-Verbal Reasoning,non-verbal-reasoning
1949,Data Interpretation,data-interpretation
1949,Computer Knowledge,computer-knowledge
1949,Indian History,indian-history
1949,Indian Geography,indian-geography
1949,Indian Polity,indian-polity
1949,Indian Constitution,indian-constitution
1949,Indian Economy,indian-economy
1949,General Science,general-science
1949,Science & Technology,science-technology
1949,Internal Security,internal-security
1949,National Security,national-security
1949,Counter Terrorism,counter-terrorism
1949,Cyber Security,cyber-security
1949,Cyber Crime,cyber-crime
1949,Criminal Law,criminal-law
1949,Criminal Procedure Code (CrPC),criminal-procedure-code-crpc
1949,Indian Penal Code (IPC) / Bharatiya Nyaya Sanhita (BNS),indian-penal-code-ipc-bharatiya-nyaya-sanhita-bns
1949,Indian Evidence Act / Bharatiya Sakshya Adhiniyam (BSA),indian-evidence-act-bharatiya-sakshya-adhiniyam-bsa
1949,Forensic Science,forensic-science
1949,Investigation Techniques,investigation-techniques
1949,Human Rights,human-rights
1881,General Intelligence & Reasoning,general-intelligence-reasoning
1881,General Awareness,general-awareness
1881,Quantitative Aptitude,quantitative-aptitude
1881,English Language,english-language
1876,General Intelligence & Reasoning,general-intelligence-reasoning
1876,General Knowledge & General Awareness,general-knowledge-general-awareness
1876,Quantitative Aptitude / Numerical Ability,quantitative-aptitude-numerical-ability
1876,English Language / English Comprehension,english-language-english-comprehension
1876,Hindi Language (for some posts),hindi-language-for-some-posts
1876,Computer Knowledge (for selected posts such as Head Constable Ministerial),computer-knowledge-for-selected-posts-such-as-head-constable-ministerial
1876,"Trade / Technical Subject (for technical, engineering, radio, and tradesman posts)",trade-technical-subject-for-technical-engineering-radio-and-tradesman-posts
1877,General Intelligence & Reasoning,general-intelligence-reasoning
1877,General Knowledge & General Awareness,general-knowledge-general-awareness
1877,Elementary Mathematics / Quantitative Aptitude,elementary-mathematics-quantitative-aptitude
1877,English Language,english-language
1877,Hindi Language,hindi-language
1877,Trade / Technical Subject (for technical and tradesman posts),trade-technical-subject-for-technical-and-tradesman-posts
1877,Computer Knowledge (for selected posts such as Head Constable Ministerial),computer-knowledge-for-selected-posts-such-as-head-constable-ministerial
1878,General Intelligence & Reasoning,general-intelligence-reasoning
1878,General Knowledge & General Awareness,general-knowledge-general-awareness
1878,Elementary Mathematics / Quantitative Aptitude,elementary-mathematics-quantitative-aptitude
1878,English Language,english-language
1878,Hindi Language,hindi-language
1878,"Trade / Technical Subject (for Technical, Tradesman, Driver, and other specialized posts)",trade-technical-subject-for-technical-tradesman-driver-and-other-specialized-posts
1871,General Knowledge,general-knowledge
1871,Current Affairs,current-affairs
1871,Reasoning,reasoning
1871,Numerical Ability,numerical-ability
1871,Computer Fundamentals,computer-fundamentals
1872,General Awareness,general-awareness
1872,General Science,general-science
1872,Mathematics,mathematics
1872,Reasoning,reasoning
1872,Computer Fundamentals,computer-fundamentals
1872,English Language,english-language
1873,General Intelligence & Reasoning,general-intelligence-reasoning
1873,General Knowledge & General Awareness,general-knowledge-general-awareness
1873,Quantitative Aptitude,quantitative-aptitude
1873,English Comprehension,english-comprehension
1879,General Intelligence & Reasoning,general-intelligence-reasoning
1879,General Knowledge & General Awareness,general-knowledge-general-awareness
1879,Elementary Mathematics / Quantitative Aptitude,elementary-mathematics-quantitative-aptitude
1879,English Language,english-language
1879,Hindi Language,hindi-language
1879,"Trade / Technical Subject (for Technical, Tradesman, Telecom, Driver, Veterinary, and other specialized posts)",trade-technical-subject-for-technical-tradesman-telecom-driver-veterinary-and-other-specialized-posts
1880,General Intelligence & Reasoning,general-intelligence-reasoning
1880,General Knowledge & General Awareness,general-knowledge-general-awareness
1880,Elementary Mathematics / Quantitative Aptitude,elementary-mathematics-quantitative-aptitude
1880,English Language,english-language
1880,Hindi Language,hindi-language
1880,"Trade / Technical Subject (for Technical, Tradesman, SI, ASI, and other specialized posts)",trade-technical-subject-for-technical-tradesman-si-asi-and-other-specialized-posts
1874,General Knowledge,general-knowledge
1874,General Awareness,general-awareness
1874,Current Affairs,current-affairs
1874,Reasoning,reasoning
1874,Quantitative Aptitude / Mathematics,quantitative-aptitude-mathematics
1874,English Language,english-language
1874,Hindi / Regional Language,hindi-regional-language
1874,Computer Knowledge (in some states),computer-knowledge-in-some-states
1875,General Knowledge,general-knowledge
1875,General Awareness,general-awareness
1875,Current Affairs,current-affairs
1875,Reasoning,reasoning
1875,Quantitative Aptitude / Mathematics,quantitative-aptitude-mathematics
1875,English Language,english-language
1875,Hindi / Regional Language,hindi-regional-language
1875,Computer Knowledge (in some states),computer-knowledge-in-some-states
1875,General Science (in some states),general-science-in-some-states
1920,Basic Postal Knowledge,basic-postal-knowledge
1920,General Awareness,general-awareness
1920,Basic Arithmetic,basic-arithmetic
1920,Knowledge of Postal Operations,knowledge-of-postal-operations
1920,Local Language,local-language
1920,Data Entry Skill Test (DEST),data-entry-skill-test-dest
1918,General Awareness,general-awareness
1918,Mathematics (Quantitative Aptitude),mathematics-quantitative-aptitude
1918,Reasoning & Analytical Ability,reasoning-analytical-ability
1918,English Language,english-language
1918,Local Language,local-language
1918,Computer/Data Entry Skill Test (DEST),computer-data-entry-skill-test-dest
1921,Basic Postal Knowledge,basic-postal-knowledge
1921,General Awareness,general-awareness
1921,Knowledge of Postal Operations,knowledge-of-postal-operations
1921,Local Language,local-language
1921,Data Entry Skill Test (DEST),data-entry-skill-test-dest
1919,General Awareness,general-awareness
1919,Mathematics (Quantitative Aptitude),mathematics-quantitative-aptitude
1919,Reasoning & Analytical Ability,reasoning-analytical-ability
1919,English Language,english-language
1919,Data Entry Skill Test (DEST),data-entry-skill-test-dest
1842,English Language Preliminary Examination,english-language-preliminary-examination
1842,Numerical Ability Preliminary Examination,numerical-ability-preliminary-examination
1842,Reasoning Ability Preliminary Examination,reasoning-ability-preliminary-examination
1842,English Language Main Examination,english-language-main-examination
1842,Numerical Ability Main Examination,numerical-ability-main-examination
1842,Reasoning Ability Main Examination,reasoning-ability-main-examination
1842,General Awareness Main Examination,general-awareness-main-examination
1842,Computer Knowledge Main Examination,computer-knowledge-main-examination
1841,General Awareness,general-awareness
1841,English Language,english-language
1841,Quantitative Aptitude,quantitative-aptitude
1841,Reasoning Ability,reasoning-ability
1841,Economic & Social Issues (ESI),economic-social-issues-esi
1841,English (Writing Skills),english-writing-skills
1841,Finance & Management (FM),finance-management-fm
1829,General Awareness,general-awareness
1829,Arithmetic (Mathematics),arithmetic-mathematics
1829,General Intelligence & Reasoning,general-intelligence-reasoning
1830,General Awareness,general-awareness
1830,Arithmetic (Mathematics),arithmetic-mathematics
1830,General Intelligence & Reasoning,general-intelligence-reasoning
1824,Mathematics CBT 1,mathematics-cbt-1
1824,Mental Ability (General Intelligence & Reasoning) CBT 1,mental-ability-general-intelligence-reasoning-cbt-1
1824,General Science CBT 1,general-science-cbt-1
1824,Mathematics CBT 2 (Part A),mathematics-cbt-2-part-a
1824,General Intelligence & Reasoning CBT 2 (Part A),general-intelligence-reasoning-cbt-2-part-a
1824,Basic Science & Engineering CBT 2 (Part A),basic-science-engineering-cbt-2-part-a
1823,Mathematics,mathematics
1823,General Intelligence & Reasoning,general-intelligence-reasoning
1823,General Science,general-science
1823,General Awareness & Current Affairs,general-awareness-current-affairs
1826,Mathematics CBT 1,mathematics-cbt-1
1826,General Intelligence & Reasoning CBT 1,general-intelligence-reasoning-cbt-1
1826,General Awareness CBT 1,general-awareness-cbt-1
1826,General Science CBT 1,general-science-cbt-1
1826,General Awareness CBT 2,general-awareness-cbt-2
1826,Physics & Chemistry CBT 2,physics-chemistry-cbt-2
1826,Basics of Computers & Applications CBT 2,basics-of-computers-applications-cbt-2
1826,Basics of Environment & Pollution Control CBT 2,basics-of-environment-pollution-control-cbt-2
1826,Technical Abilities (Relevant Engineering Discipline) CBT 2,technical-abilities-relevant-engineering-discipline-cbt-2
1828,Professional Ability / Professional Knowledge (Post-specific),professional-ability-professional-knowledge-post-specific
1828,General Awareness,general-awareness
1828,General Intelligence & Reasoning,general-intelligence-reasoning
1828,Mathematics,mathematics
1828,General Science,general-science
1822,Mathematics,mathematics
1822,General Intelligence & Reasoning,general-intelligence-reasoning
1822,General Awareness,general-awareness
1827,Professional Ability (Post-specific),professional-ability-post-specific
1827,General Science,general-science
1827,General Awareness,general-awareness
1827,General Arithmetic,general-arithmetic
1827,General Intelligence & Reasoning,general-intelligence-reasoning
1825,Mathematics Technician Grade III,mathematics-technician-grade-iii
1825,General Intelligence & Reasoning Technician Grade III,general-intelligence-reasoning-technician-grade-iii
1825,General Science Technician Grade III,general-science-technician-grade-iii
1825,General Awareness Technician Grade III,general-awareness-technician-grade-iii
1825,Mathematics Technician Grade I (Signal),mathematics-technician-grade-i-signal
1825,General Intelligence & Reasoning Technician Grade I (Signal),general-intelligence-reasoning-technician-grade-i-signal
1825,General Awareness Technician Grade I (Signal),general-awareness-technician-grade-i-signal
1825,Basics of Computers & Applications Technician Grade I (Signal),basics-of-computers-applications-technician-grade-i-signal
1825,Basic Science & Engineering Technician Grade I (Signal),basic-science-engineering-technician-grade-i-signal
1839,English Language Preliminary Examination,english-language-preliminary-examination
1839,Numerical Ability Preliminary Examination,numerical-ability-preliminary-examination
1839,Reasoning Ability Preliminary Examination,reasoning-ability-preliminary-examination
1839,General / Financial Awareness Main Examination,general-financial-awareness-main-examination
1839,General English Main Examination,general-english-main-examination
1839,Quantitative Aptitude Main Examination,quantitative-aptitude-main-examination
1839,Reasoning Ability Main Examination,reasoning-ability-main-examination
1839,Computer Aptitude Main Examination,computer-aptitude-main-examination
1838,English Language Preliminary Examination,english-language-preliminary-examination
1838,Quantitative Aptitude Preliminary Examination,quantitative-aptitude-preliminary-examination
1838,Reasoning Ability Preliminary Examination,reasoning-ability-preliminary-examination
1838,Reasoning & Computer Aptitude Main Examination,reasoning-computer-aptitude-main-examination
1838,Data Analysis & Interpretation Main Examination,data-analysis-interpretation-main-examination
1838,General / Economy / Banking Awareness Main Examination,general-economy-banking-awareness-main-examination
1838,English Language Main Examination,english-language-main-examination
1838,Descriptive English (Letter Writing & Essay Writing) Main Examination,descriptive-english-letter-writing-essay-writing-main-examination
1840,Reasoning Ability,reasoning-ability
1840,Quantitative Aptitude,quantitative-aptitude
1840,English Language,english-language
1840,Professional Knowledge (Post-specific/Technical Subject),professional-knowledge-post-specific-technical-subject
1840,Information Technology (IT),information-technology-it
1840,Law,law
1840,Chartered Accountancy (CA),chartered-accountancy-ca
1840,Finance,finance
1840,Risk Management,risk-management
1840,Marketing,marketing
1840,Human Resources (HR),human-resources-hr
1840,Civil Engineering,civil-engineering
1840,Electrical Engineering,electrical-engineering
1809,General Intelligence & Reasoning,general-intelligence-reasoning
1809,General Awareness,general-awareness
1809,Quantitative Aptitude (Mathematical Abilities),quantitative-aptitude-mathematical-abilities
1809,English Language & Comprehension,english-language-comprehension
1809,Computer Knowledge,computer-knowledge
1809,Data Entry Speed Test (DEST) (Qualifying Skill Test),data-entry-speed-test-dest-qualifying-skill-test
1809,Statistics (Only for Junior Statistical Officer - JSO posts),statistics-only-for-junior-statistical-officer-jso-posts
1809,General Studies,general-studies
1810,General Intelligence & Reasoning,general-intelligence-reasoning
1810,General Awareness,general-awareness
1810,Quantitative Aptitude (Mathematical Abilities),quantitative-aptitude-mathematical-abilities
1810,English Language & Comprehension,english-language-comprehension
1810,Computer Knowledge,computer-knowledge
1810,Typing Test,typing-test
1810,Data Entry Skill Test (DEST),data-entry-skill-test-dest
1811,General Intelligence & Reasoning,general-intelligence-reasoning
1811,General Knowledge & General Awareness,general-knowledge-general-awareness
1811,Quantitative Aptitude,quantitative-aptitude
1811,English Comprehension,english-comprehension
1811,English Language & Comprehension (Paper-II),english-language-comprehension-paper-ii
1811,Physical Standard Test (PST),physical-standard-test-pst
1811,Physical Endurance Test (PET),physical-endurance-test-pet
1811,Medical Examination,medical-examination
1818,General Knowledge & Current Affairs,general-knowledge-current-affairs
1818,General Intelligence & Reasoning,general-intelligence-reasoning
1818,Numerical Ability,numerical-ability
1818,Computer Awareness,computer-awareness
1818,Physical Endurance Test (PET),physical-endurance-test-pet
1818,Physical Measurement Test (PMT/PST),physical-measurement-test-pmt-pst
1818,Medical Examination,medical-examination
1819,General Awareness,general-awareness
1819,General Intelligence,general-intelligence
1819,Quantitative Aptitude,quantitative-aptitude
1819,English Language,english-language
1819,Computer Fundamentals,computer-fundamentals
1819,Physical Endurance Test (PET),physical-endurance-test-pet
1819,Physical Measurement Test (PMT/PST),physical-measurement-test-pmt-pst
1819,Typing Test,typing-test
1819,Computer Formatting Test,computer-formatting-test
1819,Medical Examination,medical-examination
1813,General Intelligence & Reasoning,general-intelligence-reasoning
1813,General Knowledge & General Awareness,general-knowledge-general-awareness
1813,Elementary Mathematics,elementary-mathematics
1813,English,english
1813,Hindi,hindi
1813,Physical Efficiency Test (PET),physical-efficiency-test-pet
1813,Physical Standard Test (PST),physical-standard-test-pst
1813,Medical Examination,medical-examination
1814,General Intelligence & Reasoning,general-intelligence-reasoning
1814,General Awareness,general-awareness
1814,Civil Engineering (for Civil Engineering candidates),civil-engineering-for-civil-engineering-candidates
1814,Electrical Engineering (for Electrical Engineering candidates),electrical-engineering-for-electrical-engineering-candidates
1814,Mechanical Engineering (for Mechanical Engineering candidates),mechanical-engineering-for-mechanical-engineering-candidates
1814,Document Verification,document-verification
1817,General Hindi,general-hindi
1817,General English,general-english
1817,Translation (Hindi ↔ English),translation-hindi-english
1817,Essay Writing (Hindi & English),essay-writing-hindi-english
1817,Document Verification,document-verification
1812,Numerical Ability,numerical-ability
1812,Reasoning Ability,reasoning-ability
1812,General Awareness,general-awareness
1812,English Language,english-language
1812,Numerical & Mathematical Ability Session-II,numerical-mathematical-ability-session-ii
1812,Reasoning Ability & Problem Solving Session-II,reasoning-ability-problem-solving-session-ii
1812,General Awareness Session-II,general-awareness-session-ii
1812,English Language & Comprehension Session-II,english-language-comprehension-session-ii
1816,General Intelligence,general-intelligence
1816,General Awareness,general-awareness
1816,Quantitative Aptitude,quantitative-aptitude
1816,English Language,english-language
1816,Computer Knowledge (for posts where applicable),computer-knowledge-for-posts-where-applicable
1816,Skill Test / Typing Test (for specific posts only),skill-test-typing-test-for-specific-posts-only
1816,Document Verification,document-verification
1815,General Intelligence & Reasoning,general-intelligence-reasoning
1815,General Awareness,general-awareness
1815,English Language & Comprehension,english-language-comprehension
1815,Stenography Skill Test,stenography-skill-test
1815,Document Verification,document-verification
1890,General Studies,general-studies
1890,General Mental Ability,general-mental-ability
1890,Current Affairs,current-affairs
1890,History,history
1890,Indian History,indian-history
1890,Andhra Pradesh History,andhra-pradesh-history
1890,Indian Culture,indian-culture
1890,Andhra Pradesh Culture,andhra-pradesh-culture
1890,Indian Polity,indian-polity
1890,Constitution of India,constitution-of-india
1890,Governance,governance
1890,Public Administration,public-administration
1890,Economy,economy
1890,Indian Economy,indian-economy
1890,Andhra Pradesh Economy,andhra-pradesh-economy
1890,Geography,geography
1890,Indian Geography,indian-geography
1890,Andhra Pradesh Geography,andhra-pradesh-geography
1890,Science,science
1890,General Science,general-science
1890,Science & Technology,science-technology
1890,Environment,environment
1890,Ecology,ecology
1890,Biodiversity,biodiversity
1890,Disaster Management,disaster-management
1890,Sustainable Development,sustainable-development
1890,Ethics,ethics
1890,Integrity,integrity
1890,Aptitude,aptitude
1890,Logical Reasoning,logical-reasoning
1890,Analytical Ability,analytical-ability
1890,Quantitative Aptitude,quantitative-aptitude
1890,Data Interpretation,data-interpretation
1890,Decision Making,decision-making
1890,English,english
1890,Telugu,telugu
1890,Essay,essay
1890,Social Issues,social-issues
1890,Agriculture,agriculture
1890,International Relations,international-relations
1883,General Studies,general-studies
1883,General Hindi,general-hindi
1883,Essay,essay
1883,Current Affairs,current-affairs
1883,History,history
1883,Indian History,indian-history
1883,Bihar History,bihar-history
1883,Indian National Movement,indian-national-movement
1883,Geography,geography
1883,Indian Geography,indian-geography
1883,Bihar Geography,bihar-geography
1883,Indian Polity,indian-polity
1883,Constitution of India,constitution-of-india
1883,Governance,governance
1883,Public Administration,public-administration
1883,Economy,economy
1883,Indian Economy,indian-economy
1883,Bihar Economy,bihar-economy
1883,General Science,general-science
1883,Science & Technology,science-technology
1883,Environment,environment
1883,Ecology,ecology
1883,Biodiversity,biodiversity
1883,Disaster Management,disaster-management
1883,Agriculture,agriculture
1883,General Mental Ability,general-mental-ability
1883,Logical Reasoning,logical-reasoning
1883,Analytical Ability,analytical-ability
1883,Quantitative Aptitude,quantitative-aptitude
1883,Data Interpretation,data-interpretation
1883,Statistics,statistics
1883,Indian Culture,indian-culture
1883,Bihar Culture,bihar-culture
1883,Ethics,ethics
1883,Integrity,integrity
1883,Social Issues,social-issues
1883,International Relations,international-relations
1897,General Studies,general-studies
1897,General Aptitude,general-aptitude
1897,General Mental Ability,general-mental-ability
1897,Current Affairs,current-affairs
1897,History,history
1897,Indian History,indian-history
1897,Chhattisgarh History,chhattisgarh-history
1897,Indian National Movement,indian-national-movement
1897,Geography,geography
1897,Indian Geography,indian-geography
1897,Chhattisgarh Geography,chhattisgarh-geography
1897,Indian Polity,indian-polity
1897,Constitution of India,constitution-of-india
1897,Governance,governance
1897,Public Administration,public-administration
1897,Economy,economy
1897,Indian Economy,indian-economy
1897,Chhattisgarh Economy,chhattisgarh-economy
1897,General Science,general-science
1897,Science & Technology,science-technology
1897,Environment,environment
1897,Ecology,ecology
1897,Biodiversity,biodiversity
1897,Disaster Management,disaster-management
1897,Agriculture,agriculture
1897,Indian Culture,indian-culture
1897,Chhattisgarh Culture,chhattisgarh-culture
1897,Art & Literature,art-literature
1897,Logical Reasoning,logical-reasoning
1897,Analytical Ability,analytical-ability
1897,Quantitative Aptitude,quantitative-aptitude
1897,Data Interpretation,data-interpretation
1897,Decision Making,decision-making
1897,Problem Solving,problem-solving
1897,Hindi Language,hindi-language
1897,English Language,english-language
1897,Chhattisgarhi Language,chhattisgarhi-language
1897,Essay,essay
1897,Ethics,ethics
1897,Integrity,integrity
1897,Social Issues,social-issues
1897,International Relations,international-relations
1892,General Studies,general-studies
1892,Current Affairs,current-affairs
1892,History,history
1892,Indian History,indian-history
1892,Gujarat History,gujarat-history
1892,Indian National Movement,indian-national-movement
1892,Geography,geography
1892,Indian Geography,indian-geography
1892,Gujarat Geography,gujarat-geography
1892,Indian Polity,indian-polity
1892,Constitution of India,constitution-of-india
1892,Governance,governance
1892,Public Administration,public-administration
1892,Social Justice,social-justice
1892,Economy,economy
1892,Indian Economy,indian-economy
1892,Gujarat Economy,gujarat-economy
1892,General Science,general-science
1892,Science & Technology,science-technology
1892,Environment,environment
1892,Ecology,ecology
1892,Biodiversity,biodiversity
1892,Disaster Management,disaster-management
1892,Agriculture,agriculture
1892,Indian Culture,indian-culture
1892,Gujarat Culture,gujarat-culture
1892,Art & Heritage,art-heritage
1892,Ethics,ethics
1892,Integrity,integrity
1892,Aptitude,aptitude
1892,Mental Ability,mental-ability
1892,Logical Reasoning,logical-reasoning
1892,Analytical Ability,analytical-ability
1892,Quantitative Aptitude,quantitative-aptitude
1892,Data Interpretation,data-interpretation
1892,Decision Making,decision-making
1892,Problem Solving,problem-solving
1892,English,english
1892,Gujarati,gujarati
1892,Essay,essay
1892,Social Issues,social-issues
1892,International Relations,international-relations
1898,General Studies,general-studies
1898,Current Affairs,current-affairs
1898,History,history
1898,Indian History,indian-history
1898,Himachal Pradesh History,himachal-pradesh-history
1898,Indian National Movement,indian-national-movement
1898,Geography,geography
1898,Indian Geography,indian-geography
1898,Himachal Pradesh Geography,himachal-pradesh-geography
1898,Indian Polity,indian-polity
1898,Constitution of India,constitution-of-india
1898,Governance,governance
1898,Public Administration,public-administration
1898,Economy,economy
1898,Indian Economy,indian-economy
1898,Himachal Pradesh Economy,himachal-pradesh-economy
1898,General Science,general-science
1898,Science & Technology,science-technology
1898,Environment,environment
1898,Ecology,ecology
1898,Biodiversity,biodiversity
1898,Climate Change,climate-change
1898,Disaster Management,disaster-management
1898,Agriculture,agriculture
1898,Indian Culture,indian-culture
1898,Himachal Pradesh Art & Culture,himachal-pradesh-art-culture
1898,Society,society
1898,Ethics,ethics
1898,Integrity,integrity
1898,Aptitude,aptitude
1898,General Mental Ability,general-mental-ability
1898,Logical Reasoning,logical-reasoning
1898,Analytical Ability,analytical-ability
1898,Quantitative Aptitude,quantitative-aptitude
1898,Data Interpretation,data-interpretation
1898,Decision Making,decision-making
1898,Problem Solving,problem-solving
1898,English,english
1898,Hindi,hindi
1898,Essay,essay
1898,International Relations,international-relations
1886,General Studies,general-studies
1886,Current Affairs,current-affairs
1886,History,history
1886,Indian History,indian-history
1886,Haryana History,haryana-history
1886,Indian National Movement,indian-national-movement
1886,Geography,geography
1886,Indian Geography,indian-geography
1886,Haryana Geography,haryana-geography
1886,Indian Polity,indian-polity
1886,Constitution of India,constitution-of-india
1886,Governance,governance
1886,Public Administration,public-administration
1886,Economy,economy
1886,Indian Economy,indian-economy
1886,Haryana Economy,haryana-economy
1886,General Science,general-science
1886,Science & Technology,science-technology
1886,Environment,environment
1886,Ecology,ecology
1886,Biodiversity,biodiversity
1886,Climate Change,climate-change
1886,Disaster Management,disaster-management
1886,Agriculture,agriculture
1886,Indian Culture,indian-culture
1886,Haryana Art & Culture,haryana-art-culture
1886,Society,society
1886,Ethics,ethics
1886,Integrity,integrity
1886,Aptitude,aptitude
1886,General Mental Ability,general-mental-ability
1886,Logical Reasoning,logical-reasoning
1886,Analytical Ability,analytical-ability
1886,Quantitative Aptitude,quantitative-aptitude
1886,Data Interpretation,data-interpretation
1886,Decision Making,decision-making
1886,Problem Solving,problem-solving
1886,English,english
1886,Hindi,hindi
1886,Essay,essay
1886,Social Issues,social-issues
1886,International Relations,international-relations
1899,General Studies,general-studies
1899,Current Affairs,current-affairs
1899,History,history
1899,Indian History,indian-history
1899,Jammu & Kashmir History,jammu-kashmir-history
1899,Indian National Movement,indian-national-movement
1899,Geography,geography
1899,Indian Geography,indian-geography
1899,Jammu & Kashmir Geography,jammu-kashmir-geography
1899,Indian Polity,indian-polity
1899,Constitution of India,constitution-of-india
1899,Governance,governance
1899,Public Administration,public-administration
1899,Economy,economy
1899,Indian Economy,indian-economy
1899,Jammu & Kashmir Economy,jammu-kashmir-economy
1899,General Science,general-science
1899,Science & Technology,science-technology
1899,Environment,environment
1899,Ecology,ecology
1899,Biodiversity,biodiversity
1899,Climate Change,climate-change
1899,Disaster Management,disaster-management
1899,Agriculture,agriculture
1899,Indian Culture,indian-culture
1899,Jammu & Kashmir Art & Culture,jammu-kashmir-art-culture
1899,Society,society
1899,Ethics,ethics
1899,Integrity,integrity
1899,Aptitude,aptitude
1899,General Mental Ability,general-mental-ability
1899,Logical Reasoning,logical-reasoning
1899,Analytical Ability,analytical-ability
1899,Quantitative Aptitude,quantitative-aptitude
1899,Data Interpretation,data-interpretation
1899,Decision Making,decision-making
1899,Problem Solving,problem-solving
1899,English,english
1899,Urdu,urdu
1899,Essay,essay
1899,Social Issues,social-issues
1899,International Relations,international-relations
1888,General Studies,general-studies
1888,Current Affairs,current-affairs
1888,History,history
1888,Indian History,indian-history
1888,Jharkhand History,jharkhand-history
1888,Indian National Movement,indian-national-movement
1888,Geography,geography
1888,Indian Geography,indian-geography
1888,Jharkhand Geography,jharkhand-geography
1888,Indian Polity,indian-polity
1888,Constitution of India,constitution-of-india
1888,Governance,governance
1888,Public Administration,public-administration
1888,Economy,economy
1888,Indian Economy,indian-economy
1888,Jharkhand Economy,jharkhand-economy
1888,General Science,general-science
1888,Science & Technology,science-technology
1888,Environment,environment
1888,Ecology,ecology
1888,Biodiversity,biodiversity
1888,Climate Change,climate-change
1888,Disaster Management,disaster-management
1888,Agriculture,agriculture
1888,Indian Culture,indian-culture
1888,Jharkhand Art & Culture,jharkhand-art-culture
1888,Society,society
1888,Ethics,ethics
1888,Integrity,integrity
1888,Aptitude,aptitude
1888,General Mental Ability,general-mental-ability
1888,Logical Reasoning,logical-reasoning
1888,Analytical Ability,analytical-ability
1888,Quantitative Aptitude,quantitative-aptitude
1888,Data Interpretation,data-interpretation
1888,Decision Making,decision-making
1888,Problem Solving,problem-solving
1888,English,english
1888,Hindi,hindi
1888,Essay,essay
1888,Social Issues,social-issues
1888,International Relations,international-relations
1895,General Studies,general-studies
1895,Current Affairs,current-affairs
1895,History,history
1895,Indian History,indian-history
1895,Karnataka History,karnataka-history
1895,Indian National Movement,indian-national-movement
1895,Geography,geography
1895,Indian Geography,indian-geography
1895,Karnataka Geography,karnataka-geography
1895,Indian Polity,indian-polity
1895,Constitution of India,constitution-of-india
1895,Governance,governance
1895,Public Administration,public-administration
1895,Economy,economy
1895,Indian Economy,indian-economy
1895,Karnataka Economy,karnataka-economy
1895,General Science,general-science
1895,Science & Technology,science-technology
1895,Environment,environment
1895,Ecology,ecology
1895,Biodiversity,biodiversity
1895,Climate Change,climate-change
1895,Disaster Management,disaster-management
1895,Agriculture,agriculture
1895,Indian Culture,indian-culture
1895,Karnataka Art & Culture,karnataka-art-culture
1895,Society,society
1895,Ethics,ethics
1895,Integrity,integrity
1895,Aptitude,aptitude
1895,General Mental Ability,general-mental-ability
1895,Logical Reasoning,logical-reasoning
1895,Analytical Ability,analytical-ability
1895,Quantitative Aptitude,quantitative-aptitude
1895,Data Interpretation,data-interpretation
1895,Decision Making,decision-making
1895,Problem Solving,problem-solving
1895,English,english
1895,Kannada,kannada
1895,Essay,essay
1895,Social Issues,social-issues
1895,International Relations,international-relations
1900,General Studies,general-studies
1900,Current Affairs,current-affairs
1900,History,history
1900,Indian History,indian-history
1900,Kerala History,kerala-history
1900,Indian National Movement,indian-national-movement
1900,Geography,geography
1900,Indian Geography,indian-geography
1900,Kerala Geography,kerala-geography
1900,Indian Polity,indian-polity
1900,Constitution of India,constitution-of-india
1900,Governance,governance
1900,Public Administration,public-administration
1900,Economy,economy
1900,Indian Economy,indian-economy
1900,Kerala Economy,kerala-economy
1900,General Science,general-science
1900,Science & Technology,science-technology
1900,Environment,environment
1900,Ecology,ecology
1900,Biodiversity,biodiversity
1900,Climate Change,climate-change
1900,Disaster Management,disaster-management
1900,Agriculture,agriculture
1900,Indian Culture,indian-culture
1900,Kerala Art & Culture,kerala-art-culture
1900,Society,society
1900,Ethics,ethics
1900,Integrity,integrity
1900,Aptitude,aptitude
1900,General Mental Ability,general-mental-ability
1900,Logical Reasoning,logical-reasoning
1900,Analytical Ability,analytical-ability
1900,Quantitative Aptitude,quantitative-aptitude
1900,Data Interpretation,data-interpretation
1900,Decision Making,decision-making
1900,Problem Solving,problem-solving
1900,English,english
1900,Malayalam,malayalam
1900,Essay,essay
1900,Social Issues,social-issues
1900,International Relations,international-relations
1884,General Studies,general-studies
1884,Current Affairs,current-affairs
1884,History,history
1884,Indian History,indian-history
1884,Madhya Pradesh History,madhya-pradesh-history
1884,Indian National Movement,indian-national-movement
1884,Geography,geography
1884,Indian Geography,indian-geography
1884,Madhya Pradesh Geography,madhya-pradesh-geography
1884,Indian Polity,indian-polity
1884,Constitution of India,constitution-of-india
1884,Governance,governance
1884,Public Administration,public-administration
1884,Economy,economy
1884,Indian Economy,indian-economy
1884,Madhya Pradesh Economy,madhya-pradesh-economy
1884,General Science,general-science
1884,Science & Technology,science-technology
1884,Environment,environment
1884,Ecology,ecology
1884,Biodiversity,biodiversity
1884,Climate Change,climate-change
1884,Disaster Management,disaster-management
1884,Agriculture,agriculture
1884,Indian Culture,indian-culture
1884,Madhya Pradesh Art & Culture,madhya-pradesh-art-culture
1884,Society,society
1884,Ethics,ethics
1884,Integrity,integrity
1884,Aptitude,aptitude
1884,General Mental Ability,general-mental-ability
1884,Logical Reasoning,logical-reasoning
1884,Analytical Ability,analytical-ability
1884,Quantitative Aptitude,quantitative-aptitude
1884,Data Interpretation,data-interpretation
1884,Decision Making,decision-making
1884,Problem Solving,problem-solving
1884,English,english
1884,Hindi,hindi
1884,Essay,essay
1884,Social Issues,social-issues
1884,International Relations,international-relations
1893,General Studies,general-studies
1893,Current Affairs,current-affairs
1893,History,history
1893,Indian History,indian-history
1893,Maharashtra History,maharashtra-history
1893,Indian National Movement,indian-national-movement
1893,Geography,geography
1893,Indian Geography,indian-geography
1893,Maharashtra Geography,maharashtra-geography
1893,Indian Polity,indian-polity
1893,Constitution of India,constitution-of-india
1893,Governance,governance
1893,Public Administration,public-administration
1893,Economy,economy
1893,Indian Economy,indian-economy
1893,Maharashtra Economy,maharashtra-economy
1893,General Science,general-science
1893,Science & Technology,science-technology
1893,Environment,environment
1893,Ecology,ecology
1893,Biodiversity,biodiversity
1893,Climate Change,climate-change
1893,Disaster Management,disaster-management
1893,Agriculture,agriculture
1893,Indian Culture,indian-culture
1893,Maharashtra Art & Culture,maharashtra-art-culture
1893,Society,society
1893,Ethics,ethics
1893,Integrity,integrity
1893,Aptitude,aptitude
1893,General Mental Ability,general-mental-ability
1893,Logical Reasoning,logical-reasoning
1893,Analytical Ability,analytical-ability
1893,Quantitative Aptitude,quantitative-aptitude
1893,Data Interpretation,data-interpretation
1893,Decision Making,decision-making
1893,Problem Solving,problem-solving
1893,English,english
1893,Marathi,marathi
1893,Essay,essay
1893,Social Issues,social-issues
1893,International Relations,international-relations
  ,General Studies,general-studies
1889,Current Affairs,current-affairs
1889,History,history
1889,Indian History,indian-history
1889,Odisha History,odisha-history
1889,Indian National Movement,indian-national-movement
1889,Geography,geography
1889,Indian Geography,indian-geography
1889,Odisha Geography,odisha-geography
1889,Indian Polity,indian-polity
1889,Constitution of India,constitution-of-india
1889,Governance,governance
1889,Public Administration,public-administration
1889,Economy,economy
1889,Indian Economy,indian-economy
1889,Odisha Economy,odisha-economy
1889,General Science,general-science
1889,Science & Technology,science-technology
1889,Environment,environment
1889,Ecology,ecology
1889,Biodiversity,biodiversity
1889,Climate Change,climate-change
1889,Disaster Management,disaster-management
1889,Agriculture,agriculture
1889,Indian Culture,indian-culture
1889,Odisha Art & Culture,odisha-art-culture
1889,Society,society
1889,Ethics,ethics
1889,Integrity,integrity
1889,Aptitude,aptitude
1889,General Mental Ability,general-mental-ability
1889,Logical Reasoning,logical-reasoning
1889,Analytical Ability,analytical-ability
1889,Quantitative Aptitude,quantitative-aptitude
1889,Data Interpretation,data-interpretation
1889,Decision Making,decision-making
1889,Problem Solving,problem-solving
1889,English,english
1889,Odia,odia
1889,Essay,essay
1889,Social Issues,social-issues
1889,International Relations,international-relations
1901,General Studies,general-studies
1901,Current Affairs,current-affairs
1901,History,history
1901,Indian History,indian-history
1901,Punjab History,punjab-history
1901,Indian National Movement,indian-national-movement
1901,Geography,geography
1901,Indian Geography,indian-geography
1901,Punjab Geography,punjab-geography
1901,Indian Polity,indian-polity
1901,Constitution of India,constitution-of-india
1901,Governance,governance
1901,Public Administration,public-administration
1901,Economy,economy
1901,Indian Economy,indian-economy
1901,Punjab Economy,punjab-economy
1901,General Science,general-science
1901,Science & Technology,science-technology
1901,Environment,environment
1901,Ecology,ecology
1901,Biodiversity,biodiversity
1901,Climate Change,climate-change
1901,Disaster Management,disaster-management
1901,Agriculture,agriculture
1901,Indian Culture,indian-culture
1901,Punjab Art & Culture,punjab-art-culture
1901,Society,society
1901,Ethics,ethics
1901,Integrity,integrity
1901,Aptitude,aptitude
1901,General Mental Ability,general-mental-ability
1901,Logical Reasoning,logical-reasoning
1901,Analytical Ability,analytical-ability
1901,Quantitative Aptitude,quantitative-aptitude
1901,Data Interpretation,data-interpretation
1901,Decision Making,decision-making
1901,Problem Solving,problem-solving
1901,English,english
1901,Punjabi,punjabi
1901,Essay,essay
1901,Social Issues,social-issues
1901,International Relations,international-relations
1885,General Studies,general-studies
1885,Current Affairs,current-affairs
1885,History,history
1885,Indian History,indian-history
1885,Rajasthan History,rajasthan-history
1885,Indian National Movement,indian-national-movement
1885,Geography,geography
1885,Indian Geography,indian-geography
1885,Rajasthan Geography,rajasthan-geography
1885,Indian Polity,indian-polity
1885,Constitution of India,constitution-of-india
1885,Governance,governance
1885,Public Administration,public-administration
1885,Economy,economy
1885,Indian Economy,indian-economy
1885,Rajasthan Economy,rajasthan-economy
1885,General Science,general-science
1885,Science & Technology,science-technology
1885,Environment,environment
1885,Ecology,ecology
1885,Biodiversity,biodiversity
1885,Climate Change,climate-change
1885,Disaster Management,disaster-management
1885,Agriculture,agriculture
1885,Indian Culture,indian-culture
1885,Rajasthan Art & Culture,rajasthan-art-culture
1885,Society,society
1885,Ethics,ethics
1885,Integrity,integrity
1885,Aptitude,aptitude
1885,General Mental Ability,general-mental-ability
1885,Logical Reasoning,logical-reasoning
1885,Analytical Ability,analytical-ability
1885,Quantitative Aptitude,quantitative-aptitude
1885,Data Interpretation,data-interpretation
1885,Decision Making,decision-making
1885,Problem Solving,problem-solving
1885,English,english
1885,Hindi,hindi
1885,Essay,essay
1885,Social Issues,social-issues
1885,International Relations,international-relations
1894,General Studies,general-studies
1894,Current Affairs,current-affairs
1894,History,history
1894,Indian History,indian-history
1894,Tamil Nadu History,tamil-nadu-history
1894,Indian National Movement,indian-national-movement
1894,Geography,geography
1894,Indian Geography,indian-geography
1894,Tamil Nadu Geography,tamil-nadu-geography
1894,Indian Polity,indian-polity
1894,Constitution of India,constitution-of-india
1894,Governance,governance
1894,Public Administration,public-administration
1894,Economy,economy
1894,Indian Economy,indian-economy
1894,Tamil Nadu Economy,tamil-nadu-economy
1894,General Science,general-science
1894,Science & Technology,science-technology
1894,Environment,environment
1894,Ecology,ecology
1894,Biodiversity,biodiversity
1894,Climate Change,climate-change
1894,Disaster Management,disaster-management
1894,Agriculture,agriculture
1894,Indian Culture,indian-culture
1894,Tamil Nadu Art & Culture,tamil-nadu-art-culture
1894,Society,society
1894,Ethics,ethics
1894,Integrity,integrity
1894,Aptitude,aptitude
1894,General Mental Ability,general-mental-ability
1894,Logical Reasoning,logical-reasoning
1894,Analytical Ability,analytical-ability
1894,Quantitative Aptitude,quantitative-aptitude
1894,Data Interpretation,data-interpretation
1894,Decision Making,decision-making
1894,Problem Solving,problem-solving
1894,English,english
1894,Tamil,tamil
1894,Essay,essay
1894,Social Issues,social-issues
1894,International Relations,international-relations
1891,General Studies,general-studies
1891,Current Affairs,current-affairs
1891,History,history
1891,Indian History,indian-history
1891,Telangana History,telangana-history
1891,Indian National Movement,indian-national-movement
1891,Geography,geography
1891,Indian Geography,indian-geography
1891,Telangana Geography,telangana-geography
1891,Indian Polity,indian-polity
1891,Constitution of India,constitution-of-india
1891,Governance,governance
1891,Public Administration,public-administration
1891,Economy,economy
1891,Indian Economy,indian-economy
1891,Telangana Economy,telangana-economy
1891,General Science,general-science
1891,Science & Technology,science-technology
1891,Environment,environment
1891,Ecology,ecology
1891,Biodiversity,biodiversity
1891,Climate Change,climate-change
1891,Disaster Management,disaster-management
1891,Agriculture,agriculture
1891,Indian Culture,indian-culture
1891,Telangana Art & Culture,telangana-art-culture
1891,Society,society
1891,Ethics,ethics
1891,Integrity,integrity
1891,Aptitude,aptitude
1891,General Mental Ability,general-mental-ability
1891,Logical Reasoning,logical-reasoning
1891,Analytical Ability,analytical-ability
1891,Quantitative Aptitude,quantitative-aptitude
1891,Data Interpretation,data-interpretation
1891,Decision Making,decision-making
1891,Problem Solving,problem-solving
1891,English,english
1891,Telugu,telugu
1891,Essay,essay
1891,Social Issues,social-issues
1891,International Relations,international-relations
1887,General Studies,general-studies
1887,Current Affairs,current-affairs
1887,History,history
1887,Indian History,indian-history
1887,Uttarakhand History,uttarakhand-history
1887,Indian National Movement,indian-national-movement
1887,Geography,geography
1887,Indian Geography,indian-geography
1887,Uttarakhand Geography,uttarakhand-geography
1887,Indian Polity,indian-polity
1887,Constitution of India,constitution-of-india
1887,Governance,governance
1887,Public Administration,public-administration
1887,Economy,economy
1887,Indian Economy,indian-economy
1887,Uttarakhand Economy,uttarakhand-economy
1887,General Science,general-science
1887,Science & Technology,science-technology
1887,Environment,environment
1887,Ecology,ecology
1887,Biodiversity,biodiversity
1887,Climate Change,climate-change
1887,Disaster Management,disaster-management
1887,Agriculture,agriculture
1887,Indian Culture,indian-culture
1887,Uttarakhand Art & Culture,uttarakhand-art-culture
1887,Society,society
1887,Ethics,ethics
1887,Integrity,integrity
1887,Aptitude,aptitude
1887,General Mental Ability,general-mental-ability
1887,Logical Reasoning,logical-reasoning
1887,Analytical Ability,analytical-ability
1887,Quantitative Aptitude,quantitative-aptitude
1887,Data Interpretation,data-interpretation
1887,Decision Making,decision-making
1887,Problem Solving,problem-solving
1887,English,english
1887,Hindi,hindi
1887,Essay,essay
1887,Social Issues,social-issues
1887,International Relations,international-relations
1882,General Studies,general-studies
1882,Current Affairs,current-affairs
1882,History,history
1882,Indian History,indian-history
1882,Uttar Pradesh History,uttar-pradesh-history
1882,Indian National Movement,indian-national-movement
1882,Geography,geography
1882,Indian Geography,indian-geography
1882,Uttar Pradesh Geography,uttar-pradesh-geography
1882,Indian Polity,indian-polity
1882,Constitution of India,constitution-of-india
1882,Governance,governance
1882,Public Administration,public-administration
1882,Economy,economy
1882,Indian Economy,indian-economy
1882,Uttar Pradesh Economy,uttar-pradesh-economy
1882,General Science,general-science
1882,Science & Technology,science-technology
1882,Environment,environment
1882,Ecology,ecology
1882,Biodiversity,biodiversity
1882,Climate Change,climate-change
1882,Disaster Management,disaster-management
1882,Agriculture,agriculture
1882,Indian Culture,indian-culture
1882,Uttar Pradesh Art & Culture,uttar-pradesh-art-culture
1882,Society,society
1882,Ethics,ethics
1882,Integrity,integrity
1882,Aptitude,aptitude
1882,General Mental Ability,general-mental-ability
1882,Logical Reasoning,logical-reasoning
1882,Analytical Ability,analytical-ability
1882,Quantitative Aptitude,quantitative-aptitude
1882,Data Interpretation,data-interpretation
1882,Decision Making,decision-making
1882,Problem Solving,problem-solving
1882,English,english
1882,Hindi,hindi
1882,Essay,essay
1882,Social Issues,social-issues
1882,International Relations,international-relations
1896,General Studies,general-studies
1896,Current Affairs,current-affairs
1896,History,history
1896,Indian History,indian-history
1896,West Bengal History,west-bengal-history
1896,Indian National Movement,indian-national-movement
1896,Geography,geography
1896,Indian Geography,indian-geography
1896,West Bengal Geography,west-bengal-geography
1896,Indian Polity,indian-polity
1896,Constitution of India,constitution-of-india
1896,Governance,governance
1896,Public Administration,public-administration
1896,Economy,economy
1896,Indian Economy,indian-economy
1896,West Bengal Economy,west-bengal-economy
1896,General Science,general-science
1896,Science & Technology,science-technology
1896,Environment,environment
1896,Ecology,ecology
1896,Biodiversity,biodiversity
1896,Climate Change,climate-change
1896,Disaster Management,disaster-management
1896,Agriculture,agriculture
1896,Indian Culture,indian-culture
1896,West Bengal Art & Culture,west-bengal-art-culture
1896,Society,society
1896,Ethics,ethics
1896,Integrity,integrity
1896,Aptitude,aptitude
1896,General Mental Ability,general-mental-ability
1896,Logical Reasoning,logical-reasoning
1896,Analytical Ability,analytical-ability
1896,Quantitative Aptitude,quantitative-aptitude
1896,Data Interpretation,data-interpretation
1896,Decision Making,decision-making
1896,Problem Solving,problem-solving
1896,English,english
1896,Bengali,bengali
1896,Essay,essay
1896,Social Issues,social-issues
1896,International Relations,international-relations
1902,Child Development and Pedagogy Paper I (For Classes I–V),child-development-and-pedagogy-paper-i-for-classes-i-v
1902,Language I Paper I (For Classes I–V),language-i-paper-i-for-classes-i-v
1902,Language II Paper I (For Classes I–V),language-ii-paper-i-for-classes-i-v
1902,Mathematics Paper I (For Classes I–V),mathematics-paper-i-for-classes-i-v
1902,Environmental Studies (EVS) Paper I (For Classes I–V),environmental-studies-evs-paper-i-for-classes-i-v
1902,Child Development and Pedagogy Paper II (For Classes VI–VIII),child-development-and-pedagogy-paper-ii-for-classes-vi-viii
1902,Language I Paper II (For Classes VI–VIII),language-i-paper-ii-for-classes-vi-viii
1902,Language II Paper II (For Classes VI–VIII),language-ii-paper-ii-for-classes-vi-viii
1902,Mathematics & Science  Paper II (For Classes VI–VIII),mathematics-and-science-paper-ii-for-classes-vi-viii
1902,Social Studies / Social Science Paper II (For Classes VI–VIII),social-studies-social-science-paper-ii-for-classes-vi-viii
1905,General Awareness,general-awareness
1905,General Intelligence & Reasoning,general-intelligence-reasoning
1905,Arithmetical & Numerical Ability,arithmetical-numerical-ability
1905,English Language & Comprehension,english-language-comprehension
1905,Hindi Language & Comprehension,hindi-language-comprehension
1905,Teaching Methodology (Pedagogy),teaching-methodology-pedagogy
1905,Child Development & Pedagogy ,child-development-pedagogy
1905,Educational Psychology,educational-psychology
1905,Subject Concerned,subject-concerned
1905,English,english
1905,Hindi,hindi
1905,Sanskrit,sanskrit
1905,Urdu,urdu
1905,Mathematics,mathematics
1905,Natural Science,natural-science
1905,Physical Science,physical-science
1905,Life Science,life-science
1905,Social Science,social-science
1905,History,history
1905,Geography,geography
1905,Political Science,political-science
1905,Economics,economics
1905,Commerce,commerce
1905,Physics,physics
1905,Chemistry,chemistry
1905,Biology,biology
1905,Computer Science,computer-science
1905,Physical Education,physical-education
1905,Music,music
1905,Fine Arts / Drawing,fine-arts-drawing
1905,Home Science,home-science
1905,Special Education,special-education
1905,Nursery Education,nursery-education
1905,Environmental Studies (EVS),environmental-studies-evs
1908,Child Development & Pedagogy HTET Level 1,child-development-and-pedagogy-htet-level-1
1908,Hindi HTET Level 1,hindi-htet-level-1
1908,English HTET Level 1,english-htet-level-1
1908,Quantitative Aptitude HTET Level 1,quantitative-aptitude-htet-level-1
1908,Reasoning HTET Level 1,reasoning-htet-level-1
1908,General Awareness HTET Level 1,general-awareness-htet-level-1
1908,Mathematics HTET Level 1,mathematics-htet-level-1
1908,Environmental Studies (EVS) HTET Level 1,environmental-studies-evs-htet-level-1
1908,Child Development & Pedagogy HTET Level 2 ,child-development-and-pedagogy-htet-level-2
1908,Hindi HTET Level 2,hindi-htet-level-2
1908,English HTET Level 2,english-htet-level-2
1908,Quantitative Aptitude HTET Level 2,quantitative-aptitude-htet-level-2
1908,Reasoning HTET Level 2,reasoning-htet-level-2
1908,General Awareness HTET Level 2,general-awareness-htet-level-2
1908,Mathematics (for Mathematics TGT) HTET Level 2,mathematics-for-mathematics-tgt-htet-level-2
1908,Science (for Science TGT) HTET Level 2,science-for-science-tgt-htet-level-2
1908,Social Studies (for Social Science TGT) HTET Level 2,social-studies-for-social-science-tgt-htet-level-2
1908,Hindi (for Hindi TGT) HTET Level 2,hindi-for-hindi-tgt-htet-level-2
1908,English (for English TGT) HTET Level 2,english-for-english-tgt-htet-level-2
1908,Sanskrit (for Sanskrit TGT) HTET Level 2,sanskrit-for-sanskrit-tgt-htet-level-2
1908,Urdu (for Urdu TGT) HTET Level 2,urdu-for-urdu-tgt-htet-level-2
1908,Punjabi (for Punjabi TGT) HTET Level 2,punjabi-for-punjabi-tgt-htet-level-2
1908,Fine Arts (for Fine Arts TGT) HTET Level 2,fine-arts-for-fine-arts-tgt-htet-level-2
1908,Music (for Music TGT) HTET Level 2,music-for-music-tgt-htet-level-2
1908,Physical Education (for PET TGT) HTET Level 2,physical-education-for-pet-tgt-htet-level-2
1908,Child Development & Pedagogy HTET Level 3,child-development-and-pedagogy-htet-level-3
1908,English HTET Level 3,english-htet-level-3
1908,Quantitative Aptitude HTET Level 3,quantitative-aptitude-htet-level-3
1908,Reasoning HTET Level 3,reasoning-htet-level-3
1908,General Awareness HTET Level 3,general-awareness-htet-level-3
1908,Hindi HTET Level 3,hindi-htet-level-3
1908,Sanskrit HTET Level 3,sanskrit-htet-level-3
1908,Mathematics HTET Level 3,mathematics-htet-level-3
1908,Physics HTET Level 3,physics-htet-level-3
1908,Chemistry HTET Level 3,chemistry-htet-level-3
1908,Biology HTET Level 3,biology-htet-level-3
1908,Commerce HTET Level 3,commerce-htet-level-3
1908,Economics HTET Level 3,economics-htet-level-3
1908,History HTET Level 3,history-htet-level-3
1908,Geography HTET Level 3,geography-htet-level-3
1908,Political Science HTET Level 3,political-science-htet-level-3
1908,Sociology HTET Level 3,sociology-htet-level-3
1908,Psychology HTET Level 3,psychology-htet-level-3
1908,Home Science HTET Level 3,home-science-htet-level-3
1908,Computer Science HTET Level 3,computer-science-htet-level-3
1908,Fine Arts HTET Level 3,fine-arts-htet-level-3
1908,Music HTET Level 3,music-htet-level-3
1908,Physical Education HTET Level 3,physical-education-htet-level-3
1910,Child Development and Pedagogy KTET Category I,child-development-and-pedagogy-ktet-category-i
1910,Language I KTET Category I,language-i-ktet-category-i
1910,Language II (English) KTET Category I,language-ii-english-ktet-category-i
1910,Mathematics KTET Category I,mathematics-ktet-category-i
1910,Environmental Studies KTET Category I,environmental-studies-ktet-category-i
1910,Child Development and Pedagogy KTET Category II,child-development-and-pedagogy-ktet-category-ii
1910,Language I KTET Category II,language-i-ktet-category-ii
1910,Language II KTET Category II,language-ii-ktet-category-ii
1910,Mathematics & Science or KTET Category II,mathematics-and-science-or-ktet-category-ii
1910,Social Science KTET Category II,social-science-ktet-category-ii
1910,"Adolescent Psychology, Theories of Learning & Teaching Aptitude KTET Category III",adolescent-psychology-theories-of-learning-and-teaching-aptitude-ktet-category-iii
1910,Language KTET Category III,language-ktet-category-iii
1910,Concerned Subject (Subject Specialization) KTET Category III,concerned-subject-subject-specialization-ktet-category-iii
1910,"Child Development, Pedagogy & Teacher Aptitude KTET Category IV",child-development-pedagogy-and-teacher-aptitude-ktet-category-iv
1910,Language KTET Category IV,language-ktet-category-iv
1910,"General Knowledge, Current Affairs & Reasoning KTET Category IV",general-knowledge-current-affairs-and-reasoning-ktet-category-iv
1910,Concerned Subject (Specialization) KTET Category IV,concerned-subject-specialization-ktet-category-iv
1903,General English,general-english
1903,General Hindi,general-hindi
1903,General Knowledge,general-knowledge
1903,Current Affairs,current-affairs
1903,Reasoning Ability,reasoning-ability
1903,Numerical Ability (Quantitative Aptitude),numerical-ability-quantitative-aptitude
1903,Computer Literacy,computer-literacy
1903,Perspectives on Education and Leadership (Pedagogy),perspectives-on-education-leadership-pedagogy
1903,Subject Concerned (Post-specific Subject),subject-concerned-post-specific-subject
1903,English,english
1903,Hindi,hindi
1903,Sanskrit,sanskrit
1903,Mathematics,mathematics
1903,Science,science
1903,Social Science,social-science
1903,Physics,physics
1903,Chemistry,chemistry
1903,Biology,biology
1903,Commerce,commerce
1903,Economics,economics
1903,History,history
1903,Geography,geography
1903,Political Science,political-science
1903,Computer Science,computer-science
1903,Physical Education,physical-education
1903,Fine Arts,fine-arts
1903,Music,music
1903,Psychology,psychology
1903,Home Science,home-science
1903,Biotechnology,biotechnology
1909,Child Development & Pedagogy MPTET (Primary Teacher),child-development-pedagogy-mptet-primary-teacher
1909,Hindi Language MPTET (Primary Teacher),hindi-language-mptet-primary-teacher
1909,English Language MPTET (Primary Teacher),english-language-mptet-primary-teacher
1909,Mathematics MPTET (Primary Teacher),mathematics-mptet-primary-teacher
1909,Environmental Studies (EVS) MPTET (Primary Teacher),environmental-studies-evs-mptet-primary-teacher
1909,Child Development & Pedagogy MPTET (Middle School Teacher),child-development-pedagogy-mptet-middle-school-teacher
1909,Hindi Language MPTET (Middle School Teacher),hindi-language-mptet-middle-school-teacher
1909,English Language MPTET (Middle School Teacher),english-language-mptet-middle-school-teacher
1909,Mathematics MPTET (Middle School Teacher),mathematics-mptet-middle-school-teacher
1909,Science MPTET (Middle School Teacher),science-mptet-middle-school-teacher
1909,Social Science MPTET (Middle School Teacher),social-science-mptet-middle-school-teacher
1909,Sanskrit MPTET (Middle School Teacher),sanskrit-mptet-middle-school-teacher
1904,General Awareness,general-awareness
1904,General Knowledge,general-knowledge
1904,Current Affairs,current-affairs
1904,Reasoning Ability,reasoning-ability
1904,Numerical Ability / Quantitative Aptitude,numerical-ability-quantitative-aptitude
1904,Basic Computer Literacy / ICT (Information & Communication Technology),basic-computer-literacy-ict
1904,English Language,english-language
1904,Hindi Language / Regional Language (Language Competency),hindi-language-regional-language
1904,Teaching Aptitude,teaching-aptitude
1904,Child Development & Pedagogy (mainly for PRT),child-development-pedagogy
1904,Education & Pedagogy,education-pedagogy
1904,Subject Concerned (Discipline-Specific Subject),subject-concerned
1904,English,english
1904,Hindi,hindi
1904,Sanskrit,sanskrit
1904,Mathematics,mathematics
1904,Science,science
1904,Social Science,social-science
1904,Physics,physics
1904,Chemistry,chemistry
1904,Biology,biology
1904,History,history
1904,Geography,geography
1904,Political Science,political-science
1904,Economics,economics
1904,Commerce,commerce
1904,Computer Science,computer-science
1904,Physical Education,physical-education
1904,Music,music
1904,Fine Arts,fine-arts
1904,Library Science,library-science
1907,Child Development & Pedagogy REET Level 1,child-development-pedagogy-reet-level-1
1907,Language I REET Level 1,language-i-reet-level-1
1907,Language II REET Level 1,language-ii-reet-level-1
1907,Mathematics REET Level 1,mathematics-reet-level-1
1907,Environmental Studies (EVS) REET Level 1,environmental-studies-evs-reet-level-1
1907,Child Development & Pedagogy REET Level 2,child-development-pedagogy-reet-level-2
1907,Language I REET Level 2,language-i-reet-level-2
1907,Language II REET Level 2,language-ii-reet-level-2
1907,Mathematics & Science (for Mathematics/Science teachers) REET Level 2,mathematics-science-reet-level-2
1907,Social Studies / Social Science (for Social Science teachers) REET Level 2,social-studies-social-science-reet-level-2
1912,General Knowledge,general-knowledge
1912,Current Affairs,current-affairs
1912,General Awareness,general-awareness
1912,Reasoning Ability,reasoning-ability
1912,Quantitative Aptitude,quantitative-aptitude
1912,Numerical Ability,numerical-ability
1912,Computer Knowledge,computer-knowledge
1912,English Language,english-language
1912,Hindi Language,hindi-language
1912,Regional Language (State Language),regional-language
1912,Child Development & Pedagogy,child-development-pedagogy
1912,Educational Psychology,educational-psychology
1912,Teaching Aptitude,teaching-aptitude
1912,Teaching Methodology,teaching-methodology
1912,Perspectives in Education,perspectives-in-education
1912,Learning & Pedagogy,learning-pedagogy
1912,Inclusive Education,inclusive-education
1912,Educational Leadership,educational-leadership
1912,Classroom Management,classroom-management
1912,Curriculum & Instruction,curriculum-instruction
1912,Assessment & Evaluation,assessment-evaluation
1912,Information and Communication Technology (ICT),information-communication-technology-ict
1912,Environmental Studies (EVS),environmental-studies-evs
1912,Mathematics,mathematics
1912,Science,science
1912,Social Science,social-science
1912,General Science,general-science
1912,History,history
1912,Geography,geography
1912,Political Science,political-science
1912,Economics,economics
1912,Civics,civics
1912,Sanskrit,sanskrit
1912,Urdu,urdu
1912,Bengali,bengali
1912,Telugu,telugu
1912,Tamil,tamil
1912,Kannada,kannada
1912,Malayalam,malayalam
1912,Marathi,marathi
1912,Punjabi,punjabi
1912,Odia,odia
1912,Assamese,assamese
1912,Commerce,commerce
1912,Accountancy,accountancy
1912,Business Studies,business-studies
1912,Physics,physics
1912,Chemistry,chemistry
1912,Biology,biology
1912,Botany,botany
1912,Zoology,zoology
1912,Computer Science,computer-science
1912,Information Technology,information-technology
1912,Home Science,home-science
1912,Fine Arts,fine-arts
1912,Music,music
1912,Physical Education,physical-education
1912,Psychology,psychology
1912,Sociology,sociology
1912,Philosophy,philosophy
1906,Hindi,hindi
1906,English,english
1906,Sanskrit,sanskrit
1906,Mathematics,mathematics
1906,Science,science
1906,Environment & Social Studies,environment-social-studies
1906,Child Psychology,child-psychology
1906,Teaching Methodology (Pedagogy),teaching-methodology-pedagogy
1906,General Knowledge,general-knowledge
1906,Current Affairs,current-affairs
1906,Logical Reasoning,logical-reasoning
1906,Computer Knowledge / Information Technology,computer-knowledge-information-technology
1906,Life Skills,life-skills
1906,Management,management
1906,Aptitude,aptitude
1911,Child Development and Pedagogy TNTET Paper I,child-development-pedagogy-tntet-paper-i
1911,Language I (Tamil / Telugu / Kannada / Malayalam / Urdu) TNTET Paper I,language-i-tntet-paper-i
1911,English Language (Language II) TNTET Paper I,english-language-tntet-paper-i
1911,Mathematics TNTET Paper I,mathematics-tntet-paper-i
1911,Environmental Studies (EVS) TNTET Paper I,environmental-studies-evs-tntet-paper-i
1911,Child Development and Pedagogy TNTET Paper II,child-development-pedagogy-tntet-paper-ii
1911,Language I (Tamil / Telugu / Kannada / Malayalam / Urdu) TNTET Paper II,language-i-tntet-paper-ii
1911,English Language (Language II) TNTET Paper II,english-language-tntet-paper-ii
1911,Mathematics & Science (for Mathematics/Science teachers) OR TNTET Paper II,mathematics-science-tntet-paper-ii
1911,Social Science (for Social Science teachers) TNTET Paper II,social-science-tntet-paper-ii
1805,General Ability & Intelligence,general-ability-intelligence
1805,General Mental Ability,general-mental-ability
1805,General Science,general-science
1805,Current Events of National & International Importance,current-events-national-international-importance
1805,Indian Polity & Constitution,indian-polity-constitution
1805,Indian Economy,indian-economy
1805,History of India,history-of-india
1805,Indian National Movement,indian-national-movement
1805,Indian & World Geography,indian-world-geography
1805,Environmental Science,environmental-science
1805,Quantitative Aptitude,quantitative-aptitude
1805,Numerical Ability,numerical-ability
1805,Logical Reasoning,logical-reasoning
1805,Data Interpretation,data-interpretation
1805,General Studies,general-studies
1805,Essay Writing,essay-writing
1805,English Comprehension,english-comprehension
1805,Précis Writing,precis-writing
1805,Communication & Language Skills,communication-language-skills
1805,Grammar,grammar
1805,Vocabulary,vocabulary
1805,Knowledge of Security Issues,knowledge-of-security-issues
1805,Human Rights,human-rights
1805,Analytical Ability,analytical-ability
1799,Current Affairs,current-affairs
1799,General Studies,general-studies
1799,History of India,history-of-india
1799,Indian National Movement,indian-national-movement
1799,Indian Heritage & Culture,indian-heritage-culture
1799,World History,world-history
1799,Indian Society,indian-society
1799,Indian Geography,indian-geography
1799,World Geography,world-geography
1799,Indian Polity,indian-polity
1799,Constitution of India,constitution-of-india
1799,Governance,governance
1799,Social Justice,social-justice
1799,International Relations,international-relations
1799,Indian Economy,indian-economy
1799,Economic Development,economic-development
1799,Agriculture,agriculture
1799,Science & Technology,science-technology
1799,General Science,general-science
1799,Environment & Ecology,environment-ecology
1799,Biodiversity,biodiversity
1799,Climate Change,climate-change
1799,Disaster Management,disaster-management
1799,Internal Security,internal-security
1799,Ethics,ethics
1799,Integrity,integrity
1799,Aptitude,aptitude
1799,Essay Writing,essay-writing
1799,English Language,english-language
1799,Indian Language (Qualifying),indian-language-qualifying
1799,Reading Comprehension,reading-comprehension
1799,Logical Reasoning,logical-reasoning
1799,Analytical Ability,analytical-ability
1799,Decision Making,decision-making
1799,Problem Solving,problem-solving
1799,Interpersonal Skills,interpersonal-skills
1799,Communication Skills,communication-skills
1799,Quantitative Aptitude,quantitative-aptitude
1799,Basic Numeracy,basic-numeracy
1799,Data Interpretation,data-interpretation
1799,General Mental Ability,general-mental-ability
1799,Optional Subject (Chosen by Candidate),optional-subject
1803,English,english
1803,Grammar,grammar
1803,Vocabulary,vocabulary
1803,Reading Comprehension,reading-comprehension
1803,Synonyms & Antonyms,synonyms-antonyms
1803,General Knowledge,general-knowledge
1803,Current Affairs,current-affairs
1803,History,history
1803,Indian Polity,indian-polity
1803,Geography,geography
1803,Economics,economics
1803,General Science,general-science
1803,Physics,physics
1803,Chemistry,chemistry
1803,Biology,biology
1803,Environment & Ecology,environment-ecology
1803,Mathematics,mathematics
1803,Arithmetic,arithmetic
1803,Algebra,algebra
1803,Trigonometry,trigonometry
1803,Geometry,geometry
1803,Mensuration,mensuration
1803,Statistics,statistics
1803,Data Interpretation,data-interpretation
1808,General Studies,general-studies
1808,Current Affairs,current-affairs
1808,History of India,history-of-india
1808,Indian National Movement,indian-national-movement
1808,Indian Geography,indian-geography
1808,World Geography,world-geography
1808,Indian Polity & Constitution,indian-polity-constitution
1808,Governance,governance
1808,Economic & Social Development,economic-social-development
1808,Environmental Ecology,environmental-ecology
1808,Biodiversity,biodiversity
1808,Climate Change,climate-change
1808,General Science,general-science
1808,Geology,geology
1808,Hydrogeology,hydrogeology
1808,Geophysics,geophysics
1808,Chemistry,chemistry
1802,General Medicine,general-medicine
1802,Pediatrics,pediatrics
1802,Preventive & Social Medicine,preventive-social-medicine
1802,Surgery,surgery
1802,Gynecology & Obstetrics,gynecology-obstetrics
1802,Community Medicine,community-medicine
1802,Pharmacology,pharmacology
1802,Pathology,pathology
1802,Microbiology,microbiology
1802,Forensic Medicine,forensic-medicine
1802,Anatomy,anatomy
1802,Physiology,physiology
1802,Biochemistry,biochemistry
1802,Psychiatry,psychiatry
1802,Dermatology,dermatology
1802,Ophthalmology,ophthalmology
1802,Otorhinolaryngology (ENT),otorhinolaryngology-ent
1802,Orthopedics,orthopedics
1802,Anesthesiology,anesthesiology
1802,Radiology,radiology
1802,Emergency Medicine,emergency-medicine
1802,Medical Ethics,medical-ethics
1802,Public Health,public-health
1802,General Awareness,general-awareness
1802,Communication Skills,communication-skills
1802,Personality Assessment,personality-assessment
1801,General Studies,general-studies
1801,Engineering Aptitude,engineering-aptitude
1801,Current Affairs,current-affairs
1801,Indian Polity,indian-polity
1801,Indian Economy,indian-economy
1801,History of India,history-of-india
1801,Geography,geography
1801,Environmental Science,environmental-science
1801,Ethics & Values in Engineering,ethics-values-in-engineering
1801,Information and Communication Technologies (ICT),information-communication-technologies-ict
1801,Project Management,project-management
1801,Quality Management,quality-management
1801,Basics of Energy and Environment,basics-of-energy-environment
1801,Safety Engineering,safety-engineering
1801,Design and Drawing,design-drawing
1801,Standards and Quality Practices,standards-quality-practices
1801,Computer Fundamentals,computer-fundamentals
1801,Civil Engineering,civil-engineering
1801,Mechanical Engineering,mechanical-engineering
1801,Electrical Engineering,electrical-engineering
1801,Electronics & Telecommunication Engineering,electronics-telecommunication-engineering
1806,General English,general-english
1806,General Studies,general-studies
1806,General Economics,general-economics
1806,Microeconomics,microeconomics
1806,Macroeconomics,macroeconomics
1806,Mathematical Economics,mathematical-economics
1806,Econometrics,econometrics
1806,Statistics,statistics
1806,Economic Growth & Development,economic-growth-development
1806,International Economics,international-economics
1806,Public Finance,public-finance
1806,Monetary Economics,monetary-economics
1806,Indian Economy,indian-economy
1806,Industrial Economics,industrial-economics
1806,Agricultural Economics,agricultural-economics
1806,Environmental Economics,environmental-economics
1806,Welfare Economics,welfare-economics
1806,Financial Economics,financial-economics
1806,Labor Economics,labor-economics
1806,International Trade,international-trade
1806,Balance of Payments,balance-of-payments
1806,Fiscal Policy,fiscal-policy
1806,Monetary Policy,monetary-policy
1806,Banking,banking
1806,Public Policy,public-policy
1806,Quantitative Methods,quantitative-methods
1806,Data Interpretation,data-interpretation
1806,Economic Planning,economic-planning
1806,Current Economic Affairs,current-economic-affairs
1800,General Studies,general-studies
1800,Current Affairs,current-affairs
1800,Indian Polity,indian-polity
1800,Indian Economy,indian-economy
1800,History of India,history-of-india
1800,Indian National Movement,indian-national-movement
1800,Geography,geography
1800,Environment & Ecology,environment-ecology
1800,Biodiversity,biodiversity
1800,Climate Change,climate-change
1800,Disaster Management,disaster-management
1800,General Science,general-science
1800,Aptitude,aptitude
1800,Logical Reasoning,logical-reasoning
1800,Analytical Ability,analytical-ability
1800,Quantitative Aptitude,quantitative-aptitude
1800,Reading Comprehension,reading-comprehension
1800,English Language,english-language
1800,Essay Writing,essay-writing
1800,Forestry,forestry
1800,Agriculture,agriculture
1800,Agricultural Engineering,agricultural-engineering
1800,Animal Husbandry & Veterinary Science,animal-husbandry-veterinary-science
1800,Botany,botany
1800,Chemistry,chemistry
1800,Chemical Engineering,chemical-engineering
1800,Civil Engineering,civil-engineering
1800,Geology,geology
1800,Mathematics,mathematics
1800,Mechanical Engineering,mechanical-engineering
1800,Physics,physics
1800,Statistics,statistics
1800,Zoology,zoology
1807,General English,general-english
1807,General Studies,general-studies
1807,Statistics,statistics
1807,Probability Theory,probability-theory
1807,Statistical Methods,statistical-methods
1807,Statistical Inference,statistical-inference
1807,Sampling Theory,sampling-theory
1807,Linear Models,linear-models
1807,Regression Analysis,regression-analysis
1807,Design of Experiments,design-of-experiments
1807,Multivariate Analysis,multivariate-analysis
1807,Time Series Analysis,time-series-analysis
1807,Demography,demography
1807,Applied Statistics,applied-statistics
1807,Operations Research,operations-research
1807,Optimization Techniques,optimization-techniques
1807,Stochastic Processes,stochastic-processes
1807,Econometrics,econometrics
1807,Official Statistics,official-statistics
1807,Numerical Analysis,numerical-analysis
1807,Computer Applications,computer-applications
1807,Programming,programming
1807,Data Interpretation,data-interpretation
1807,Mathematics,mathematics
1807,Linear Algebra,linear-algebra
1807,Calculus,calculus
1807,Real Analysis,real-analysis
1807,Current Affairs,current-affairs
1804,Mathematics,mathematics
1804,Algebra,algebra
1804,Matrices & Determinants,matrices-determinants
1804,Trigonometry,trigonometry
1804,Analytical Geometry,analytical-geometry
1804,Differential Calculus,differential-calculus
1804,Integral Calculus,integral-calculus
1804,Differential Equations,differential-equations
1804,Vector Algebra,vector-algebra
1804,Statistics,statistics
1804,Probability,probability
1804,English,english
1804,Grammar,grammar
1804,Vocabulary,vocabulary
1804,Reading Comprehension,reading-comprehension
1804,General Knowledge,general-knowledge
1804,Physics,physics
1804,Chemistry,chemistry
1804,General Science,general-science
1804,History,history
1804,Freedom Movement,freedom-movement
1804,Geography,geography
1804,Current Affairs,current-affairs
1804,Indian Polity,indian-polity
1804,Economics,economics
1804,Environmental Science,environmental-science